Name,Email,Phone,Address,City,Country,Amount,Product
Pearl,pharetra.Nam.ac@quisaccumsan.ca,(012141) 10546,4456 Sit St.,Genval,India,$83.23,cereals
Clinton,est.ac.mattis@enimcommodo.co.uk,076 7788 4818,Ap #577-9070 Feugiat Avenue,Civo,Mongolia,$59.70,pies
Sawyer,Vivamus.euismod@urnaVivamus.ca,07624 245285,3076 Eget Ave,Jerzu,Suriname,$49.32,pasta
Chloe,amet.ante@Morbi.edu,(016977) 2503,"P.O. Box 348, 6622 Vestibulum Road",Lusevera,Jersey,$62.50,pasta
Nasim,id.nunc@auctorvitaealiquet.ca,076 3287 7173,5296 Auctor. Ave,Amritsar,Cyprus,$29.02,desserts
Sarah,tincidunt.nibh.Phasellus@ipsumnonarcu.co.uk,070 7221 7239,6223 Interdum St.,Sargodha,British Indian Ocean Territory,$80.97,soups
Rigel,Cras.lorem.lorem@facilisismagna.co.uk,0500 501725,Ap #437-9554 Nec St.,Minneapolis,Holy See (Vatican City State),$12.96,noodles
Quynn,metus.In.nec@risusMorbimetus.edu,0833 626 1547,1734 Nunc Rd.,Banff,Bosnia and Herzegovina,$49.42,noodles
Kamal,ac.facilisis@nisl.net,(016977) 7503,590-476 Vestibulum Street,Sangerhausen,Tuvalu,$83.49,salads
Honorato,luctus@semperduilectus.edu,056 3206 9169,310-2483 Orci. Rd.,Longvilly,Samoa,$28.50,pasta
Fuller,felis@Craseu.co.uk,070 5912 0174,"P.O. Box 504, 6614 Ultrices Av.",Khairpur,Suriname,$27.86,pasta
Tatiana,et.magna.Praesent@hendrerit.org,0389 663 8329,930-3874 Lorem Rd.,Ulhasnagar,San Marino,$28.43,stews
Castor,augue@ipsumDonec.com,0993 255 2663,6885 At Av.,Lille,Luxembourg,$63.34,noodles
Elaine,magna@pellentesquemassalobortis.co.uk,0800 656191,"P.O. Box 529, 2157 Magnis Avenue",Couthuin,Taiwan,$1.48,sandwiches
Yolanda,elit.Curabitur.sed@lectusjustoeu.com,07354 656057,Ap #868-2270 Aliquet. St.,Banjarmasin,Tunisia,$60.69,sandwiches
Deanna,Proin.dolor.Nulla@habitant.org,0989 364 2237,"P.O. Box 635, 3123 Cursus. Rd.",Salt Spring Island,Laos,$28.11,cereals
Plato,porttitor.vulputate.posuere@ultriciessemmagna.ca,(01550) 113341,"P.O. Box 209, 8773 Mauris Ave",Satriano di Lucania,"Korea, South",$90.25,pasta
Wyoming,posuere.cubilia@parturientmontesnascetur.ca,(01068) 581692,Ap #603-9521 Vel Ave,Squillace,Afghanistan,$62.45,soups
Clark,Nam.ligula.elit@ornareelit.org,0885 883 8489,2777 Turpis. St.,Caprauna,Falkland Islands,$73.38,pasta
Jarrod,purus@adipiscing.ca,(016977) 3985,Ap #727-8173 Duis Av.,Bryansk,South Sudan,$63.78,soups
Kaye,enim.Suspendisse@dolorNullasemper.net,0348 989 0147,"P.O. Box 402, 1438 Consectetuer Road",Esneux,Sint Maarten,$60.40,seafood
Wynne,quis@Fusce.ca,070 2563 1610,4128 Donec St.,Oxford County,Argentina,$58.24,noodles
Clark,nec@aliquam.edu,0800 760439,1148 Posuere Avenue,Koningshooikt,Ecuador,$84.37,pasta
Hedley,metus@Maecenasornareegestas.edu,0331 452 2293,773-4579 Ac Avenue,Heusden,Guinea-Bissau,$25.47,salads
Kelly,vitae.velit@aneque.edu,0800 1111,"P.O. Box 615, 6812 Ante Street",Kirkcaldy,Montserrat,$59.10,seafood
Rooney,eros.Proin.ultrices@uteratSed.co.uk,076 1002 8855,544-214 Vel Road,Calder,Tajikistan,$6.22,desserts
Tanek,pretium.et@fringilla.com,070 6992 7905,966-809 Vestibulum Road,Pietrarubbia,Egypt,$13.13,soups
Delilah,sit.amet@Duisacarcu.ca,055 1758 4876,8597 Aenean Rd.,Bekasi,Tokelau,$75.55,desserts
Isabella,dis.parturient.montes@purus.ca,0810 420 7048,326-8088 Arcu. St.,Flint,Saint Lucia,$76.45,desserts
Hadley,Nam.tempor@consectetuerrhoncusNullam.org,07624 054908,"P.O. Box 647, 5206 Accumsan St.",Arlon,Algeria,$95.26,desserts
Roth,tristique@quam.org,0994 743 7822,Ap #561-796 Dolor. Road,Wetzlar,Trinidad and Tobago,$39.30,soups
Chelsea,adipiscing.Mauris.molestie@vulputate.com,(012724) 17327,Ap #939-8794 In Av.,Elversele,Ecuador,$89.01,pies
Hector,Aliquam.nec.enim@Maurisvestibulumneque.org,(01051) 869342,"338-4083 Nec, Av.",Folkestone,Comoros,$81.12,sandwiches
Jessamine,neque.venenatis.lacus@Donecfeugiatmetus.com,(021) 1325 2760,9711 Integer Rd.,Lloydminster,Greece,$67.59,pasta
Beverly,vehicula.et.rutrum@mattis.co.uk,0800 502350,"296-2712 Id, St.",Milazzo,Yemen,$62.57,pies
Jack,consectetuer@Donecfeugiat.co.uk,0943 932 8315,693-9070 Non Street,Tourinnes-Saint-Lambert,"Congo, the Democratic Republic of the",$30.33,seafood
Cassady,erat.Etiam.vestibulum@magnaUttincidunt.ca,0800 292 2651,"Ap #491-7956 Consequat, Rd.",Terneuzen,Libya,$56.00,salads
Julie,Proin.non.massa@mieleifend.edu,0308 655 5709,838-3393 Curabitur Av.,Wemmel,Jordan,$67.16,pies
Justine,Curabitur@consectetuer.co.uk,07624 673522,Ap #552-878 Duis Rd.,Georgia,New Caledonia,$62.16,cereals
Steven,dapibus@atauctorullamcorper.ca,0500 935862,Ap #269-9522 Placerat St.,Moen,Suriname,$79.44,pies
Lawrence,massa@gravida.org,0821 314 8461,125-3369 Eu Av.,Korba,Grenada,$3.88,soups
Wade,faucibus@pedeetrisus.edu,056 9668 9198,961-9510 Felis. St.,Stupino,New Caledonia,$12.31,salads
Clinton,eget@nequetellusimperdiet.com,0500 664511,"P.O. Box 791, 2293 Donec Rd.",Facatativá,Australia,$4.59,desserts
Tarik,pretium.et@sitamet.edu,(0151) 505 4102,804-5101 Quam. Ave,Vicoli,Somalia,$17.84,seafood
Ursa,lacus.vestibulum.lorem@ullamcorperviverraMaecenas.net,0800 702 6563,"3175 Lobortis, Street",Placanica,El Salvador,$57.81,seafood
Daniel,sem@Maurisutquam.net,0929 894 1099,"P.O. Box 228, 3277 Adipiscing Ave",Sousa,Kuwait,$59.27,pies
Rhiannon,convallis.dolor.Quisque@blandit.co.uk,07624 196601,"1485 Congue, St.",Mesoraca,Bouvet Island,$79.04,pasta
Alexa,tortor@rhoncus.co.uk,0800 841804,"P.O. Box 165, 8357 Id, Road",Sloten,Montenegro,$76.52,seafood
Illiana,mauris.Suspendisse.aliquet@Sed.edu,056 7953 9151,229-9522 In Av.,Kington,Romania,$21.10,stews
Jerome,non.lobortis.quis@imperdietullamcorper.edu,0800 1111,"P.O. Box 795, 692 Luctus Rd.",Bingen,Guinea,$59.75,sandwiches
Jakeem,condimentum@pretium.org,(0117) 918 2282,143-5497 Ac Rd.,Wałbrzych,Brunei,$43.30,salads
Dalton,volutpat.Nulla@nostraper.net,0800 1111,"421-2459 Lorem, Road",Jennersdorf,French Polynesia,$19.83,stews
Yeo,amet.metus.Aliquam@ametfaucibus.co.uk,07624 515636,"P.O. Box 377, 6808 Faucibus. Av.",Parral,Micronesia,$89.20,seafood
Jeremy,facilisis.lorem@Pellentesqueut.net,(01495) 31724,"Ap #533-8822 Non, Road",Solre-Saint-GŽry,French Guiana,$51.80,soups
Alvin,posuere.cubilia.Curae@etnetus.edu,(021) 0723 7401,"P.O. Box 459, 9324 Ac, Ave",Riksingen,Malaysia,$63.43,pies
Daria,elit@convallisante.co.uk,07991 436955,"P.O. Box 831, 6797 Dolor, Av.",Newbury,Guatemala,$69.88,pies
Sean,tellus.Suspendisse.sed@imperdietornare.edu,070 5547 2346,Ap #263-546 A Avenue,Murdochville,Grenada,$65.84,salads
Demetrius,magna.Praesent.interdum@fermentumarcuVestibulum.edu,056 5057 8400,9235 Suspendisse Av.,Kızılcahamam,Mauritania,$7.46,cereals
Hedy,non.bibendum.sed@sit.net,(018587) 46063,"Ap #557-4851 Enim, Rd.",Washuk,Sierra Leone,$90.60,desserts
Jameson,nec@Nullamscelerisque.edu,(013333) 19827,"Ap #866-7944 Nec, Ave",Opheylissem,Vanuatu,$44.34,pasta
Henry,justo.sit@faucibusidlibero.net,0966 350 9388,941-2314 Praesent Ave,Lima,Myanmar,$66.39,seafood
Moana,tincidunt.Donec@netus.org,070 2182 8647,"2524 Pharetra, Street",Winterswijk,Anguilla,$62.67,pasta
Quinlan,nec.tellus.Nunc@ridiculus.com,07624 316789,385-2976 Etiam Avenue,Roccalumera,Lesotho,$71.14,salads
Malik,et.ultrices.posuere@ante.com,0800 910633,"P.O. Box 903, 3750 Sed Street",Ambattur,Azerbaijan,$5.36,pies
Cameron,Mauris.vel.turpis@molestiepharetra.edu,0800 1111,509-6619 Donec Road,Airdrie,Anguilla,$39.55,desserts
Jada,sed.orci.lobortis@Nullamvelit.co.uk,07849 014838,"P.O. Box 701, 7564 Sit Rd.",Marchihue,Antarctica,$87.21,cereals
Kennedy,sollicitudin@Maecenasmalesuadafringilla.com,0800 120049,140-1257 Eget St.,Salice Salentino,New Zealand,$78.06,pasta
Ocean,in@sitamet.com,07304 306325,6221 Donec Street,Denver,Turkmenistan,$37.52,pies
Barrett,augue.malesuada.malesuada@nec.net,(0141) 374 3527,877-5589 Curabitur Av.,Grimsby,Greece,$41.36,soups
Calista,ut.molestie@pellentesquemassalobortis.org,(01739) 122490,"P.O. Box 542, 8312 Etiam St.",Castiglione a Casauria,South Georgia and The South Sandwich Islands,$13.91,pies
Wesley,ullamcorper@vitaenibh.co.uk,070 6666 3800,"P.O. Box 210, 4062 Ipsum Ave",Arauco,Cyprus,$22.04,pies
Karleigh,fermentum@ultriciessemmagna.edu,(023) 5521 4785,"P.O. Box 880, 2413 Sed Avenue",Merchtem,"Korea, North",$16.33,salads
Yoshio,Cras.vulputate@malesuadaInteger.co.uk,(01660) 04849,"P.O. Box 818, 8728 Consequat St.",Goyang,Niger,$42.18,pasta
Travis,id.ante@vulputateduinec.org,0500 276070,"P.O. Box 157, 8426 In Rd.",Kingston,Bangladesh,$21.81,pies
Jamalia,Vestibulum@duiFusce.com,0979 981 4152,Ap #115-8804 Volutpat Avenue,Germersheim,Sierra Leone,$31.06,desserts
Beatrice,pede.nec.ante@quamvel.org,0936 133 2381,4645 Fusce Rd.,Santa Cesarea Terme,Equatorial Guinea,$69.66,pies
Quin,vulputate@diamdictumsapien.ca,070 6832 3286,Ap #822-6443 Interdum Street,Tierra Amarilla,Netherlands,$22.86,noodles
Armando,est.arcu.ac@orci.co.uk,056 7467 9052,1394 Proin Rd.,Pointe-aux-Trembles,Åland Islands,$9.19,noodles
Fleur,auctor.odio.a@Aliquameratvolutpat.net,07624 520191,"P.O. Box 562, 5322 Nisl. Street",Chicoutimi,Australia,$97.94,pies
Gabriel,nec@tinciduntcongue.org,0845 46 43,"P.O. Box 424, 1926 Mus. Ave",Gary,Afghanistan,$27.06,noodles
Cody,mauris.ut@sitametmetus.ca,0800 1111,900-884 Donec Rd.,Saint-Sébastien-sur-Loire,Bangladesh,$84.76,pies
Wayne,Morbi@utodio.co.uk,(0117) 638 3006,558-8291 Maecenas Av.,Horsham,Cape Verde,$42.91,soups
Walker,Quisque@tinciduntpedeac.edu,(016977) 4783,8196 Laoreet Ave,Bamberg,Northern Mariana Islands,$89.82,noodles
Melissa,Aliquam@est.co.uk,(01313) 730802,Ap #667-4660 Semper Ave,Shenkursk,Mauritania,$15.62,salads
Xenos,posuere.enim@magnaSuspendisse.com,(0119) 938 3931,"P.O. Box 399, 2757 Cubilia Avenue",Vastogirardi,Holy See (Vatican City State),$66.37,sandwiches
Hadassah,arcu@rutrumjustoPraesent.edu,07444 862391,"P.O. Box 684, 8278 Lorem, Street",Gagliano del Capo,Saint Barthélemy,$12.84,cereals
Gisela,sit.amet.ultricies@aptenttacitisociosqu.co.uk,0500 034681,"P.O. Box 251, 4832 Vitae Rd.",Dole,Mayotte,$10.03,desserts
Branden,fringilla.purus@nequeInornare.com,0970 137 6210,303-3229 Duis St.,Davangere,Nicaragua,$69.80,desserts
Denise,metus.urna@ultricesposuere.co.uk,(0113) 702 5129,Ap #163-2303 Fusce Rd.,Morkhoven,Svalbard and Jan Mayen Islands,$89.25,noodles
Unity,In.scelerisque@vel.edu,07196 738035,3624 Magnis Ave,Avadi,Czech Republic,$87.12,pasta
Patricia,cursus.non@diamProindolor.edu,076 3404 4599,Ap #211-6355 Vitae St.,Merrickville-Wolford,Kiribati,$7.72,stews
Constance,dis.parturient@fermentumfermentum.ca,0500 837550,Ap #750-7475 Risus. Av.,Sint-Kruis-Winkel,Timor-Leste,$51.35,seafood
Iliana,dui.Cras@ullamcorperDuis.ca,076 3686 3474,566-1113 Mauris Avenue,San Pancrazio Salentino,Zimbabwe,$92.66,salads
Warren,Sed.dictum@quis.org,056 5784 5612,890-339 In Av.,Vöcklabruck,Mauritius,$2.14,noodles
Gillian,ac.mattis@euismodet.co.uk,070 5021 1840,"P.O. Box 610, 7792 Ipsum. Rd.",Estevan,Croatia,$67.61,soups
Nita,a.odio.semper@augueid.edu,(0141) 012 0473,"P.O. Box 886, 1837 Ut Avenue",Harnoncourt,Ukraine,$49.82,seafood
Xenos,In.nec@erat.com,0800 640 7165,Ap #555-1345 Convallis Road,Qualicum Beach,Tonga,$86.18,pies
Quentin,orci@risusa.ca,056 1168 7419,Ap #752-6553 Tempus Av.,Montignoso,Kazakhstan,$98.88,sandwiches
Nash,justo.Praesent.luctus@scelerisquedui.com,(0113) 940 3117,"P.O. Box 904, 5135 Urna St.",Stonewall,Lithuania,$66.85,cereals
Brendan,In.scelerisque.scelerisque@duiFusce.ca,0363 872 9490,537-5742 Eros. Road,Doues,Kazakhstan,$79.26,cereals