Name,Email,Phone,Address,City,Country,Amount,Product
Signe,amet.consectetuer.adipiscing@eget.edu,0800 1111,"P.O. Box 416, 9074 Est Rd.",Berlare,Montserrat,$81.56,salads
Merrill,sociis.natoque@dolorFusce.edu,07107 151303,1836 Vestibulum Av.,Louvain-la-Neuve,Turkey,$52.32,sandwiches
Zahir,enim.Curabitur@vel.net,(01456) 32187,3143 Eleifend Rd.,Lochranza,"Virgin Islands, United States",$67.15,seafood
Cyrus,velit@inconsectetuer.com,(0181) 203 1520,848-663 Senectus Rd.,Naro-Fominsk,Algeria,$52.45,desserts
Lucas,Etiam@Namtempor.co.uk,0888 003 7533,"P.O. Box 929, 5696 Morbi Rd.",Fontecchio,Macedonia,$9.06,seafood
Desiree,ultricies.sem.magna@convallisconvallis.org,055 7469 4742,Ap #233-799 Ac Rd.,Kerkrade,Antigua and Barbuda,$97.02,desserts
Francis,dapibus@Phasellusataugue.edu,0500 690824,Ap #437-6464 Tellus St.,St. Clears,New Caledonia,$82.87,pasta
Lydia,pretium.neque@odioPhasellus.net,(011780) 25386,Ap #636-9112 Non St.,Mal,Norway,$39.63,pies
Portia,Pellentesque@Aliquam.net,(017154) 11519,3303 Euismod Road,Osgoode,Czech Republic,$3.46,cereals
Kelly,Vestibulum@semmollis.edu,07984 145214,"6305 Nec, Av.",Newbury,Eritrea,$68.60,stews
Acton,justo.faucibus@Proineget.edu,0823 002 6514,5665 Aliquam St.,Veere,Luxembourg,$46.05,cereals
Hu,Aliquam.ornare.libero@morbitristiquesenectus.ca,076 7114 5690,7566 Eros Rd.,Sherbrooke,Belarus,$35.12,stews
Ali,erat.neque@dictum.edu,070 3714 9397,1890 Nunc St.,Kingston,Russian Federation,$16.35,salads
Lois,metus.In@elit.net,07624 026935,"P.O. Box 667, 7469 A St.",Cedar Rapids,Myanmar,$37.10,pasta
Piper,sed.hendrerit@magnisdisparturient.edu,0800 129 1807,9071 Mi Avenue,Heule,Macao,$93.45,sandwiches
Kylynn,dolor@aliquetliberoInteger.net,(0115) 159 0464,336-6419 Facilisis. St.,Morro Reatino,Trinidad and Tobago,$45.03,sandwiches
Stacy,enim@anteVivamus.org,0326 203 0318,"P.O. Box 371, 6823 Cursus Rd.",Teno,Wallis and Futuna,$21.48,seafood
Uta,Aenean@Duissitamet.net,0301 860 8921,9287 Vitae Road,Soria,Christmas Island,$68.49,pasta
Blair,est.mauris@quisturpis.org,055 7450 2331,Ap #518-310 Integer Av.,Kemerovo,Palau,$51.70,soups
Jessamine,imperdiet.ullamcorper@vitae.ca,0500 128165,"P.O. Box 860, 210 Gravida. Ave",Appleby,Panama,$41.82,noodles
Raven,ipsum.dolor.sit@sedpede.com,0845 46 49,Ap #781-8743 Accumsan Av.,Hereford,Portugal,$91.47,seafood
Curran,libero@imperdieteratnonummy.org,(01345) 880315,"P.O. Box 763, 1646 At, Road",Mombaruzzo,Marshall Islands,$36.42,salads
Martha,Curabitur.massa.Vestibulum@necante.co.uk,0961 590 6539,"P.O. Box 630, 8476 Condimentum Rd.",San Giorgio Albanese,Saudi Arabia,$63.68,pasta
Clark,Fusce.aliquam.enim@ridiculusmusDonec.com,(01173) 562896,2182 Ultrices Avenue,Mission,South Georgia and The South Sandwich Islands,$53.42,salads
Paloma,felis.purus.ac@Suspendissecommodo.org,0800 844 4801,6397 Ligula St.,Maasmechelen,Greece,$65.16,pies
Grady,libero@pede.co.uk,(025) 3579 9140,Ap #843-8909 Arcu. Road,Filacciano,Saint Kitts and Nevis,$7.71,salads
Emmanuel,malesuada.fames@sem.co.uk,(0171) 063 6348,"Ap #539-4464 Ultrices, Ave",Mundare,Sint Maarten,$60.79,stews
Christen,magnis.dis.parturient@dolor.co.uk,0800 005653,"2333 Id, Rd.",Yumbel,Cook Islands,$83.83,noodles
Heather,accumsan.interdum.libero@mattisCraseget.edu,0948 508 5671,341-9477 Vestibulum St.,Orciano Pisano,Tanzania,$43.24,sandwiches
James,Duis.gravida.Praesent@metusInnec.ca,(019048) 69502,Ap #844-7585 Tincidunt Avenue,Spoleto,Anguilla,$47.73,salads
Dominique,pellentesque.massa@dolor.edu,076 3380 2253,"P.O. Box 434, 7155 Curabitur Road",Falmouth,Mali,$11.37,noodles
Allistair,bibendum.fermentum.metus@dolorsitamet.com,(011854) 37124,183-1100 Dui. Rd.,Matera,Liberia,$74.50,noodles
Velma,Suspendisse.aliquet@egestasDuisac.edu,0918 464 8175,689-1680 Adipiscing Avenue,Pastena,Tunisia,$60.59,salads
Emerald,mauris.elit@enim.com,(0110) 002 3808,"Ap #909-7350 Nec, St.",Blitar,Germany,$86.03,noodles
Reuben,Duis.at@velitAliquamnisl.ca,0845 46 42,269-9311 Morbi Road,Markham,Ireland,$30.85,soups
Fuller,nec.mauris.blandit@AliquamnislNulla.com,(0113) 883 2145,5396 Proin Street,Lac Ste. Anne,Guinea,$28.13,cereals
Vanna,malesuada@eratvitaerisus.org,0800 245527,5850 Euismod Av.,Dole,Holy See (Vatican City State),$86.57,pies
Reed,nunc@ultricesmauris.edu,0500 944640,2911 Sed Rd.,Huancayo,Holy See (Vatican City State),$74.25,sandwiches
Keiko,risus@egetmetus.org,0876 136 5464,793-9199 Donec St.,Sannazzaro de' Burgondi,India,$71.32,noodles
Ira,elit.sed@ipsumSuspendissenon.org,056 7517 4240,828-6859 Integer Road,San Javier,"Virgin Islands, United States",$90.13,cereals
Lester,bibendum@etcommodo.co.uk,0800 650447,3189 Quam. Avenue,Sosnowiec,Ireland,$16.18,soups
Chava,et.rutrum@sitametluctus.co.uk,0821 868 3240,"2597 Et, St.",Morrovalle,Japan,$25.63,noodles
Quon,convallis@Donec.net,0823 130 9011,"P.O. Box 712, 2034 Quis Avenue",Vilna,Bangladesh,$0.33,pies
Sade,tristique@lectussitamet.com,0500 139656,Ap #860-8006 Malesuada Ave,Rutten,Pakistan,$90.35,sandwiches
Lee,quam@facilisisfacilisismagna.co.uk,056 1958 3767,1381 In Av.,Sacramento,Kyrgyzstan,$31.38,pies
Shelly,est@vitaenibh.co.uk,(021) 1872 3932,9324 Sed Av.,Penco,Micronesia,$53.59,cereals
Tana,nulla.vulputate@purus.edu,056 8231 4169,4143 Proin St.,Wolfurt,Belize,$95.32,pies
Carissa,neque.pellentesque.massa@ornareIn.net,0842 881 5687,Ap #945-9498 In St.,Petorca,Macedonia,$37.17,soups
Brady,tempor.diam@Intinciduntcongue.ca,0871 287 4730,3189 Elit. St.,Rothesay,Albania,$6.11,sandwiches
Fallon,vel@In.co.uk,076 0808 0027,"P.O. Box 606, 7926 Morbi Street",Comox,Macao,$61.56,seafood
Keaton,vitae.mauris@enimdiam.edu,(01468) 30462,"3358 Tincidunt, Road",Nairn,Mauritius,$21.67,cereals
Orlando,feugiat@Aliquameratvolutpat.net,(022) 4733 6687,7736 Mus. Road,Veracruz,Japan,$50.43,seafood
Hyatt,nascetur@vellectus.ca,07624 294354,4886 Tellus Road,Lossiemouth,Kuwait,$25.62,soups
Rana,vitae@porta.co.uk,056 6816 6701,"P.O. Box 674, 944 Ipsum Avenue",White Rock,Guinea-Bissau,$70.14,pies
Eliana,risus.at@eget.ca,076 2318 3393,"P.O. Box 732, 5796 Nibh Rd.",Vastogirardi,Northern Mariana Islands,$51.95,salads
Alexandra,aliquam.arcu.Aliquam@magna.co.uk,056 9896 8181,495-4008 Bibendum. Road,Gressan,Cameroon,$59.02,soups
Pandora,sodales@ornareelitelit.net,076 4222 2790,"Ap #166-3584 Dolor, St.",Guaymas,Niger,$1.55,cereals
Aquila,sem.eget@imperdiet.ca,056 9417 5680,645-4244 Iaculis Street,Ch‰tillon,Dominican Republic,$83.39,stews
Elmo,facilisis@a.edu,0935 162 8504,701-4193 Tellus. St.,Malambo,Saint Pierre and Miquelon,$58.17,soups
Martina,mauris.aliquam.eu@Phaselluslibero.ca,055 8724 8797,"P.O. Box 501, 1019 Faucibus Rd.",Chicago,Grenada,$36.22,sandwiches
Jael,fringilla@ridiculusmus.edu,055 5042 6263,"P.O. Box 378, 8330 Pede, St.",Tarcento,New Caledonia,$8.58,soups
Denton,sodales@senectuset.co.uk,(01958) 490915,Ap #296-4547 Ante Rd.,Morvi,Anguilla,$94.72,pies
Anjolie,Nullam.vitae@Maecenasornareegestas.co.uk,0309 744 0057,"949-1865 Vel, Rd.",Pocatello,Canada,$28.12,desserts
Bevis,et.magna.Praesent@faucibus.org,(016353) 67082,Ap #268-9757 Neque. Rd.,Fallo,Iraq,$84.23,sandwiches
Vaughan,turpis.nec@justoPraesentluctus.net,(016977) 4961,Ap #582-6411 Ligula. Rd.,Vehari,Belgium,$28.30,stews
Brianna,magna.Suspendisse.tristique@bibendum.net,0397 861 4785,Ap #111-7657 Eget Ave,Nieuwkerken-Waas,Madagascar,$80.71,soups
Cody,amet@Nullaaliquet.edu,(016977) 2270,4970 Magnis Road,Rycroft,Saint Martin,$99.37,pies
Willow,tellus.eu.augue@a.co.uk,(016977) 1297,Ap #850-3526 Egestas. Road,Vezzi Portio,Kazakhstan,$31.28,noodles
Ashton,nec.imperdiet@nibh.ca,0800 538 4433,690-2163 Neque. St.,Santarcangelo di Romagna,Paraguay,$42.90,noodles
Talon,pede@porttitor.net,(010295) 71119,5981 Imperdiet St.,Bonnert,Samoa,$77.07,desserts
Hadassah,mollis.nec@magna.co.uk,(016977) 7004,Ap #138-3331 Pellentesque Ave,Kaduna,Guernsey,$37.99,pies
Philip,Maecenas.libero@Quisquenonummy.net,07338 390633,Ap #455-5707 Velit Rd.,La Dorada,Bangladesh,$79.85,soups
Anjolie,eu.dui@sagittis.co.uk,0967 296 7389,529-462 Auctor Av.,Rotterdam,Cayman Islands,$3.24,noodles
Nolan,dolor.sit.amet@enim.com,(016977) 6425,"1081 Ut, Rd.",Grand Rapids,Malawi,$75.36,noodles
Edan,a.feugiat@Proinvelnisl.co.uk,0349 246 6914,871 Ligula St.,Zaventem,Bahamas,$41.60,stews
Brynne,vel.arcu.eu@dictum.net,0500 338530,"368-8751 A, St.",Foligno,Paraguay,$41.80,desserts
Chester,mattis.Cras@turpisAliquamadipiscing.co.uk,0815 048 9942,"P.O. Box 895, 9265 Donec St.",Maipú,Lesotho,$95.14,seafood
Charlotte,Integer.aliquam.adipiscing@Proin.com,0876 316 5054,"Ap #434-6005 Lobortis, Road",Queilén,Algeria,$26.82,soups
Erasmus,ornare.facilisis@elitpretiumet.org,0950 641 7076,"P.O. Box 494, 3338 Non, St.",Alkmaar,Suriname,$32.95,pasta
Fuller,quam.Pellentesque@Nulla.org,0914 419 4475,389-3953 Ac St.,Pollein,Bolivia,$10.77,pasta
Rama,Mauris.ut.quam@necante.co.uk,070 9928 9722,251-7592 Nunc. Rd.,Macon,Anguilla,$10.98,noodles
Nomlanga,Quisque@ligulaNullamfeugiat.co.uk,0845 46 49,5055 Dui Rd.,Fort Worth,Swaziland,$2.89,pies
Kaye,in.sodales@gravida.edu,0800 615 0222,"Ap #740-9870 Pharetra, Avenue",Russell,United States,$91.06,desserts
Alvin,magna@consectetueradipiscingelit.net,(01332) 564065,394-1485 Ultrices Ave,Harnai,Dominica,$26.68,desserts
Jennifer,sapien@ipsum.net,0500 091036,"989-3340 Aliquet, St.",Butzbach,Turkey,$11.65,soups
Stacey,lobortis.tellus@ametfaucibusut.ca,0800 232 3687,Ap #716-2817 Dui. Avenue,Ravels,Moldova,$24.04,salads
Darryl,blandit.enim@ullamcorpernislarcu.co.uk,055 1654 6034,"8611 Elit, Ave",As,Canada,$94.27,pies
Gabriel,molestie.dapibus@tincidunttempus.co.uk,056 7395 0993,250-9929 Et Road,Beigem,Togo,$67.11,soups
Gannon,adipiscing.enim.mi@felisadipiscing.co.uk,0800 1111,2847 Sociis Rd.,Gwangyang,"Congo, the Democratic Republic of the",$48.66,salads
Lawrence,non.feugiat.nec@dapibus.com,(025) 2672 1476,"P.O. Box 756, 8376 Elit. Ave",Sachs Harbour,Dominican Republic,$19.61,seafood
Cathleen,id.blandit@Nullamsuscipit.com,0500 582194,737-2231 Velit. Av.,Borriana,Netherlands,$31.92,pies
Cora,tellus.lorem@Integerinmagna.org,0800 496809,"856-7531 Ut, St.",Mount Pearl,Georgia,$28.27,salads
Mufutau,Phasellus@orci.org,0338 261 2808,"Ap #544-2280 Elit, Road",Ambala,Saint Pierre and Miquelon,$94.82,pasta
Chadwick,primis.in@bibendumfermentummetus.edu,070 9607 7585,"Ap #940-6864 Vulputate, Street",Telfs,Papua New Guinea,$91.41,pies
Ahmed,sit@arcuiaculisenim.edu,0827 923 0042,"P.O. Box 737, 6439 Massa. Avenue",Neustadt am Rübenberge,Swaziland,$57.60,pasta
Macey,Cum.sociis@hendreritconsectetuer.org,(016977) 0428,Ap #142-1015 Eu Road,Gressoney-La-Trinitè,Indonesia,$1.03,pasta
Keane,nec.mollis@montesnasceturridiculus.edu,0937 962 9208,"P.O. Box 166, 6639 Phasellus Avenue",Soacha,Western Sahara,$1.59,salads
Alvin,congue.In.scelerisque@euismodest.co.uk,07624 412278,"P.O. Box 947, 3541 A Ave",Thurso,Benin,$31.56,stews
Leonard,amet@eunulla.ca,0863 075 6129,384 Mauris St.,Massa Martana,Nauru,$51.18,sandwiches
Juliet,Proin.nisl@magnisdisparturient.edu,0800 184657,"P.O. Box 460, 1544 Lectus Road",Chhindwara,Kyrgyzstan,$73.06,salads