Name,Email,Phone,Address,City,Country,Amount,Product
Reuben,orci.Ut.semper@Aeneanegestashendrerit.ca,070 1392 9168,5807 Enim Av.,Bronnitsy,Falkland Islands,$60.30,pies
Sawyer,consectetuer.adipiscing@blanditenimconsequat.org,(016977) 5040,"P.O. Box 854, 9947 Faucibus St.",Köflach,Niue,$76.85,pasta
Victoria,Vestibulum.ante@sagittislobortismauris.com,076 8145 8655,"P.O. Box 757, 723 Imperdiet St.",King's Lynn,Moldova,$77.09,pasta
Stella,Mauris@dolor.net,(01599) 96754,Ap #363-5943 Iaculis St.,Hornsea,Montserrat,$17.14,pasta
Kaden,ornare.lectus@Pellentesque.com,(01805) 42594,5067 Lobortis St.,Whitehorse,Antarctica,$23.22,seafood
Oprah,ornare.lectus@tempus.ca,0800 557797,813-3514 Convallis St.,Diksmuide,Grenada,$74.55,desserts
Hall,in@etrutrum.com,0845 46 43,Ap #518-2722 Habitant Street,Millet,Greenland,$68.71,noodles
Quinlan,et.eros@sodalespurus.edu,0845 46 43,"Ap #500-2500 Eleifend, Street",Kohat,Portugal,$73.38,cereals
Avye,neque.vitae@euturpisNulla.edu,07913 361397,2411 Sit St.,Brixton,"Korea, South",$37.55,stews
Jackson,tellus@Suspendisseseddolor.co.uk,(0110) 799 1000,"P.O. Box 334, 7189 Lorem Rd.",Casina,Argentina,$79.56,seafood
Logan,leo@arcuVivamussit.org,0888 437 0779,4105 Orci Street,Jauche,Barbados,$21.51,cereals
Jena,Vestibulum.ante.ipsum@ullamcorper.co.uk,070 5715 9814,"P.O. Box 154, 510 Integer Street",Thuin,Lebanon,$92.06,noodles
Cedric,dui.in.sodales@nisl.edu,0845 46 44,"P.O. Box 323, 8908 Erat Av.",Montreal,Croatia,$13.38,stews
Kay,nostra.per@Phasellus.co.uk,0800 1111,"408-7625 Id, St.",San Ignacio,Honduras,$65.16,pies
Jonas,non@euaugue.ca,0800 699 4268,4972 Placerat Ave,Casper,New Zealand,$99.45,sandwiches
Ian,eu@tinciduntcongueturpis.co.uk,07785 978037,1084 Luctus Rd.,Huasco,Thailand,$87.79,desserts
Tiger,Vivamus@magnamalesuadavel.ca,(012056) 18443,5486 Aliquam Road,Pekanbaru,Uruguay,$44.93,cereals
Martena,aliquet.diam@adipiscingelit.ca,(021) 6832 5482,"906-7850 Placerat, St.",Montgomery,Yemen,$82.64,sandwiches
Gage,ipsum@Mauris.ca,0800 813789,2486 Euismod Street,Quilaco,Kiribati,$69.43,pasta
Derek,ligula@Nunc.com,0927 336 3993,Ap #472-7361 Vehicula Street,Filot,Gibraltar,$19.43,salads
Nathan,quis.turpis@Duis.net,(0121) 735 8854,763-9474 Orci. Av.,Anamur,Namibia,$9.95,sandwiches
Oleg,sit@at.co.uk,(01477) 613961,"P.O. Box 573, 2932 Metus. St.",Friedrichsdorf,Curaçao,$61.45,pasta
Tiger,natoque.penatibus.et@mi.ca,(0111) 166 5206,3726 Elit Street,Lampa,Congo (Brazzaville),$13.94,noodles
Illiana,pretium.neque@risusDonec.org,0322 874 4533,"P.O. Box 766, 5831 Quisque Street",Villers-la-Bonne-Eau,Northern Mariana Islands,$80.29,sandwiches
Irma,imperdiet.non@nulla.net,(011538) 66332,430-9954 Dolor Avenue,Pievepelago,Hungary,$61.45,sandwiches
Lavinia,Nunc@Praesenteu.co.uk,(01554) 066800,5859 Sit St.,Marcq-en-Baroeul,Bangladesh,$10.69,noodles
Regan,massa@mipedenonummy.com,(01950) 887665,"P.O. Box 462, 677 Mauris St.",Rionegro,Serbia,$64.36,seafood
Noah,Aenean@quamelementumat.org,0800 763 3085,"611-2329 Tincidunt, Rd.",Muzaffarpur,Mongolia,$7.57,cereals
Ronan,varius.orci.in@faucibus.net,0845 46 49,326-4335 Varius St.,Zwijndrecht,Mozambique,$19.57,soups
Colt,Suspendisse@ipsumSuspendissesagittis.net,(022) 4787 3107,"Ap #453-5532 Eleifend, Street",ThimŽon,Russian Federation,$91.69,noodles
Lesley,dui@tortornibh.com,07259 572143,Ap #858-3069 Dolor Av.,Montreal,Slovakia,$6.95,cereals
Molly,Quisque@elementum.edu,070 0195 9245,441-1418 Consequat Street,Loksbergen,Cocos (Keeling) Islands,$98.37,pies
Alma,arcu.Vestibulum.ut@vel.edu,0849 283 8169,"Ap #828-3973 At, Ave",Riksingen,Greece,$85.81,cereals
Kevyn,Sed.congue.elit@nonarcuVivamus.edu,(016977) 9191,978-6742 Felis. Rd.,Paju,Pakistan,$0.65,sandwiches
Harriet,Proin.vel.nisl@Pellentesqueultriciesdignissim.net,07167 393095,Ap #806-2310 Feugiat Ave,San Cesario di Lecce,Nicaragua,$48.53,sandwiches
Aladdin,Cras.dictum@erat.org,(01398) 38102,Ap #530-9433 Ac Ave,HavrŽ,Afghanistan,$7.78,salads
Kevyn,sollicitudin.orci.sem@NullaaliquetProin.ca,0800 183222,Ap #312-8572 Orci. Street,Herne,Tajikistan,$86.44,pasta
Nigel,nisi@necmalesuadaut.net,(016977) 6397,9541 Ipsum Ave,Pellizzano,Puerto Rico,$98.12,desserts
Kamal,enim.mi.tempor@etmagnisdis.edu,0500 014420,5907 Venenatis Rd.,Bègles,Jersey,$77.99,sandwiches
Aiko,hymenaeos.Mauris@Quisqueimperdiet.org,0845 46 42,Ap #232-6309 Arcu. Street,Chakwal,Jordan,$10.97,noodles
Maggie,posuere.enim@quispede.edu,0500 054813,Ap #988-4374 Natoque St.,Bojano,Iceland,$80.23,desserts
Lisandra,dolor.Donec@faucibusorciluctus.com,0800 1111,1511 Orci Street,San Luis Río Colorado,Bermuda,$90.34,pies
Alfonso,montes.nascetur.ridiculus@tellusNunclectus.ca,0800 1111,5950 Nonummy Rd.,Ravensburg,Cameroon,$86.21,stews
Kimberly,id@acorciUt.org,0307 982 7450,Ap #363-9198 Sodales Av.,East Jakarta,Lesotho,$7.65,cereals
Jason,magna.Praesent.interdum@antedictummi.edu,0800 1111,Ap #719-3944 Magna. St.,Armento,Poland,$96.84,sandwiches
Jayme,ut@Proin.net,(0121) 661 1693,Ap #545-349 Sociosqu Road,Providencia,Chile,$14.18,soups
Miranda,lobortis@Aliquamadipiscinglobortis.edu,0989 852 1493,813-6405 Eu Rd.,Dollard-des-Ormeaux,Guatemala,$38.75,cereals
Aline,dictum.augue.malesuada@eu.edu,07624 150232,"P.O. Box 205, 9305 A, Av.",Saint-Dizier,Grenada,$49.39,sandwiches
Violet,libero@arcuMorbi.org,0800 1111,"P.O. Box 675, 1818 Aliquam Road",Annan,French Polynesia,$45.17,noodles
Camden,sit.amet.risus@turpisegestasFusce.org,07739 122867,167-2360 Imperdiet Av.,İmamoğlu,Falkland Islands,$34.61,cereals
Aubrey,placerat@mi.com,(0141) 543 2172,"P.O. Box 359, 4878 Et St.",Bischofshofen,Sierra Leone,$31.46,pasta
Sean,orci.luctus@amagnaLorem.org,(019011) 71717,501-2486 Mus. Street,Wimborne Minster,Lithuania,$12.85,seafood
Troy,neque.tellus@nasceturridiculusmus.edu,(025) 0842 9569,Ap #919-4463 Cras Avenue,Acquafondata,New Zealand,$22.47,noodles
Anthony,Donec.fringilla@amet.com,(01255) 54465,932-1168 Dis Av.,Strona,Algeria,$48.55,noodles
Noelani,mi.lacinia.mattis@at.org,(01802) 056978,"P.O. Box 655, 7244 Mauris Street",Chilpancingo,South Africa,$51.82,noodles
Blair,ut.molestie@amet.ca,076 2542 6434,"P.O. Box 594, 3762 Et, Avenue",Poederlee,Indonesia,$61.91,stews
Murphy,eros.Proin.ultrices@Nullamfeugiat.net,07865 478299,415-7327 Dis St.,San Felice a Cancello,Uruguay,$25.93,cereals
Neville,lacus.Quisque.purus@augueutlacus.co.uk,056 3568 6944,4060 Phasellus Rd.,Paal,Holy See (Vatican City State),$78.51,cereals
Latifah,mollis.Integer.tincidunt@risusMorbi.org,056 6567 5634,"2893 Aliquam, Street",MabomprŽ,Uruguay,$2.20,salads
Judah,iaculis.odio.Nam@ipsumnunc.co.uk,0500 591729,Ap #257-398 Aliquam Avenue,Edmonton,Haiti,$34.06,stews
Finn,Curae.Phasellus.ornare@Morbiquis.com,(01066) 383526,"P.O. Box 470, 2897 Sem Av.",São João de Meriti,Ecuador,$84.95,desserts
Rebekah,nec.cursus@lectus.ca,055 6973 7189,Ap #772-5208 Litora St.,Yeovil,Bouvet Island,$32.80,salads
Hunter,scelerisque.dui.Suspendisse@id.co.uk,07624 874172,"270-6128 Non, Avenue",Bayreuth,Nepal,$34.23,pies
Camilla,malesuada.vel.convallis@iaculis.net,0379 583 3215,401-688 Est. Ave,Laives/Leifers,Maldives,$29.57,salads
Shelly,pede@ullamcorperDuis.edu,0307 004 0627,Ap #938-5045 Orci St.,Buckingham,Egypt,$32.93,cereals
Quamar,Nulla.eget.metus@semper.com,070 6760 2583,Ap #580-4364 Eleifend Rd.,Staßfurt,Norfolk Island,$9.49,cereals
Ulric,felis.Nulla.tempor@egestaslaciniaSed.ca,(0117) 713 0514,Ap #434-9516 Tellus Ave,Midway,Switzerland,$52.88,cereals
Georgia,tincidunt.dui@tempus.org,0845 46 48,"P.O. Box 671, 9910 Tortor Rd.",Zeya,Sudan,$29.80,salads
Harper,sem@interdumfeugiatSed.com,0800 1111,"P.O. Box 663, 305 Pede Av.",Iseyin,Jamaica,$80.22,stews
Dora,erat.volutpat@vitaesodales.com,0500 264637,"P.O. Box 326, 9360 Facilisis Avenue",Reutov,Côte D'Ivoire (Ivory Coast),$62.21,salads
Xandra,urna.suscipit@at.ca,0800 306 1734,909-2929 Congue Ave,Heusden,Japan,$44.75,sandwiches
Willa,ut@dictum.co.uk,0845 46 44,706-4115 Dui. Road,VTM,Greenland,$28.44,desserts
Simon,nec.urna@magnaaneque.ca,056 2555 3532,Ap #649-4578 Massa Street,Evere,Brunei,$20.51,sandwiches
Rigel,turpis.Aliquam@orci.com,(016977) 4659,871-7389 Hendrerit. St.,Wierde,Cape Verde,$9.71,soups
Colby,lobortis@condimentumeget.com,07624 428548,"P.O. Box 841, 2063 Ac Ave",Moradabad,Malta,$32.93,desserts
Jacob,cursus.Nunc.mauris@interdum.ca,07624 563369,"P.O. Box 370, 1025 Curabitur St.",Malderen,Northern Mariana Islands,$49.56,soups
Yuri,Fusce@pedeSuspendissedui.ca,(0116) 130 5241,Ap #887-1421 Sem Ave,Retford,Fiji,$8.89,noodles
Thane,lorem@a.edu,(017737) 45611,"P.O. Box 674, 1827 Lectus Avenue",Granada,French Southern Territories,$19.74,pies
Cathleen,molestie.tellus@ac.co.uk,0845 46 46,Ap #243-7062 Nascetur St.,Swan,Moldova,$94.89,stews
Yuri,id@Aliquamnisl.net,0845 46 40,"P.O. Box 578, 1049 Mauris St.",Richmond Hill,Kazakhstan,$49.67,noodles
Amaya,Quisque.fringilla@cursusdiamat.co.uk,0327 800 1537,Ap #282-8654 Ante. Avenue,Orroli,Brunei,$74.84,pasta
Noel,non.nisi@In.ca,0845 46 46,Ap #667-9871 Semper Rd.,Fort Resolution,Germany,$46.53,salads
Reece,vel.vulputate@faucibus.edu,(01077) 775998,"P.O. Box 521, 7841 Semper St.",Vejano,Cuba,$42.19,pasta
Brennan,vitae.orci@sagittis.ca,0800 1111,"3083 Nec, Avenue",RosiŽres,Cambodia,$30.14,pies
Virginia,laoreet.libero@ProinultricesDuis.edu,0325 699 4188,9401 Vulputate Ave,Trowbridge,Central African Republic,$70.58,noodles
Tate,tempor.bibendum@nasceturridiculusmus.edu,055 1069 6019,Ap #239-8615 Fermentum Street,Pirmasens,Kazakhstan,$73.86,cereals
Ryan,faucibus@ategestasa.edu,0301 409 2561,883-7968 Placerat. Av.,Valéncia,Swaziland,$23.39,noodles
Rhoda,sed.dui@velit.net,(016977) 0650,Ap #926-3822 Curabitur Street,Ajmer,Costa Rica,$9.44,salads
Xenos,magna@arcu.net,(01898) 05589,Ap #580-311 Eleifend Road,Daknam,Turkmenistan,$21.10,cereals
Tara,turpis.Nulla.aliquet@fringillaornare.edu,0845 46 45,235-6784 Taciti Av.,Maglie,Algeria,$42.72,noodles
Raphael,cursus.vestibulum.Mauris@nonarcu.com,(016977) 6223,3841 Eleifend St.,Dijon,Uzbekistan,$64.94,pasta
Wilma,pede.Nunc@nisi.co.uk,0500 532298,Ap #455-6861 Consectetuer Av.,Armo,Malaysia,$70.68,salads
Aladdin,accumsan.laoreet.ipsum@malesuada.edu,(0111) 385 2171,"8298 A, Rd.",Llanquihue,Saint Barthélemy,$61.58,stews
George,gravida@vulputatemaurissagittis.com,070 6294 9748,"P.O. Box 298, 5471 Sit St.",La Pintana,Pakistan,$97.13,soups
Summer,felis.orci@senectus.co.uk,0845 46 45,Ap #617-134 Egestas Road,Mersin,Madagascar,$10.71,desserts
Seth,eget.nisi.dictum@vestibulumnequesed.net,076 7387 0701,638-1082 Tempus St.,Rabbi,Zambia,$23.28,soups
Tana,Morbi@erat.net,0379 643 3220,680-4736 Vestibulum St.,Fochabers,Burkina Faso,$67.20,cereals
Neville,neque@nullaInteger.org,0800 870895,"3277 Pede, Street",Sant'Agata sul Santerno,Nigeria,$43.37,cereals
Hop,ac.mattis.velit@pedesagittis.org,0800 544 5678,Ap #583-5529 Malesuada Street,Cour-sur-Heure,Antarctica,$44.77,cereals
Audrey,mollis.non@miDuis.com,0305 946 9577,2060 Aliquam Ave,Vanderhoof,Maldives,$6.28,cereals