Name,Email,Phone,Address,City,Country,Amount,Product
Fay,commodo@interdum.edu,0800 1111,Ap #161-619 Eu St.,Wha Ti,Micronesia,$45.64,sandwiches
Amir,at.libero.Morbi@Praesent.net,(029) 0312 2226,6765 Eu Street,Mol,United Arab Emirates,$28.21,pies
Louis,et.nunc.Quisque@ametmetus.net,(0141) 545 6691,1689 Urna St.,Burin,Jamaica,$9.83,pies
Cyrus,lobortis.quam@urna.ca,0866 425 2099,612-7680 Cursus. Street,OugrŽe,Liechtenstein,$47.47,salads
Kieran,gravida.nunc@tellus.ca,0500 647321,7226 Pellentesque Road,Musakhel,Estonia,$75.24,sandwiches
Tyler,imperdiet.ornare@Fuscediam.org,0883 518 2540,6767 In St.,Hathras,Turkmenistan,$96.87,stews
Megan,vehicula@ligulaDonecluctus.org,(016977) 9855,484-3603 Facilisis St.,Iqaluit,France,$97.29,stews
Quemby,sit.amet.consectetuer@MorbivehiculaPellentesque.edu,(016977) 4290,"P.O. Box 324, 5913 Praesent Street",Moignelee,Svalbard and Jan Mayen Islands,$97.00,pasta
Mufutau,Duis@tacitisociosquad.edu,0800 1111,Ap #866-1668 Ultricies Av.,Ripacandida,Panama,$3.15,cereals
Kylan,enim.Curabitur@fringillaest.net,070 8737 9512,"P.O. Box 715, 2455 Consectetuer Avenue",Cercemaggiore,Malta,$12.71,seafood
Jayme,erat.volutpat.Nulla@turpisegestas.ca,0800 386394,3084 Diam. Avenue,Kollam,Guinea,$87.07,seafood
Ryan,Lorem@aenimSuspendisse.net,(0171) 149 5330,Ap #314-4792 Nulla St.,Newark,Mali,$18.02,desserts
Marshall,porttitor@dictumeuplacerat.edu,0845 46 43,Ap #880-6587 Sed St.,Kent,Kiribati,$0.20,sandwiches
Sylvester,egestas@sedhendrerita.org,070 1656 1836,9075 Sodales Rd.,Itabuna,Portugal,$46.99,pasta
Mechelle,Integer.in.magna@euultricessit.com,07624 484344,9376 Arcu St.,Neerrepen,Sweden,$36.30,seafood
Piper,Nulla@egestasDuis.co.uk,(0116) 360 7635,"P.O. Box 160, 4470 Justo Rd.",Taber,Bhutan,$15.87,soups
Claire,Integer@sociosquad.org,0856 078 3746,Ap #166-4157 Ligula St.,Rajanpur,Senegal,$13.25,pasta
Kenneth,leo.in.lobortis@tinciduntaliquam.org,(016977) 5005,Ap #211-8227 Adipiscing Rd.,Lairg,Gambia,$88.49,sandwiches
Linda,arcu.Sed.eu@malesuadaIntegerid.ca,0800 134 4470,Ap #890-920 Dictum Road,Davenport,Saint Vincent and The Grenadines,$32.30,pasta
Nehru,amet@mattis.edu,0990 457 5351,Ap #832-7585 Dolor. St.,Sherborne,Colombia,$93.92,noodles
Noble,tincidunt.pede@sodales.net,076 3890 5086,"P.O. Box 687, 4742 Lectus Rd.",Ukkel,Equatorial Guinea,$98.01,cereals
Scarlett,sit.amet@Nunc.ca,(0171) 260 0134,"Ap #962-1198 Consectetuer, St.",Pushkino,Austria,$86.40,salads
Shafira,nonummy.ultricies.ornare@ultriciesligulaNullam.com,(01772) 51841,Ap #524-4672 Integer Avenue,Froidchapelle,Kazakhstan,$61.40,pasta
Stella,ullamcorper@arcuimperdiet.ca,(021) 1944 8627,9289 Sed Avenue,Orvault,Nicaragua,$15.94,soups
Ruby,odio@metusVivamuseuismod.edu,0821 609 8238,"P.O. Box 285, 2972 In, St.",Bath,Gibraltar,$65.76,noodles
Joelle,mi.tempor@auctornonfeugiat.ca,(0141) 407 9931,Ap #581-4249 Tincidunt Av.,Reno,Honduras,$26.55,pasta
Garrison,Sed.pharetra.felis@faucibuslectus.ca,(017588) 86563,722-8769 Quam Street,Lennik,"Palestine, State of",$42.88,desserts
Hedwig,massa.Integer.vitae@egestaslacinia.edu,056 9680 1842,9604 Orci. Road,Juárez,Venezuela,$30.08,sandwiches
Martin,lobortis.nisi.nibh@eget.co.uk,0500 993912,277-524 Fermentum St.,Telfs,Denmark,$74.61,noodles
Otto,neque@semconsequat.co.uk,0864 798 7120,621-6344 Dictum Av.,Vehari,Bangladesh,$16.44,seafood
Eden,enim.commodo@morbitristique.org,076 7869 7016,"P.O. Box 386, 2290 Enim. St.",Khotkovo,Oman,$44.00,soups
Clio,libero.Morbi@magnaPraesent.co.uk,076 4943 9011,Ap #613-8124 Risus. Road,Fort Worth,Czech Republic,$64.39,stews
Yoshio,arcu@tempusnonlacinia.com,055 4470 1806,"429-3030 Et, Street",Rockingham,Burkina Faso,$9.79,soups
Jaquelyn,habitant.morbi.tristique@rhoncus.edu,0845 46 47,Ap #345-7647 Tempus Avenue,Płock,Grenada,$8.34,desserts
Emi,egestas.a.scelerisque@Vivamus.edu,07624 458692,517-8938 Interdum Rd.,Malegaon,Bosnia and Herzegovina,$31.56,seafood
Adrian,Nulla.facilisis.Suspendisse@tellusNunclectus.org,0800 949022,"Ap #511-3524 At, Road",Ruisbroek,Mauritius,$10.09,pies
Uma,tellus.sem.mollis@Sednuncest.ca,(0191) 975 1678,1645 Cras Av.,San Gregorio nelle Alpi,Georgia,$10.92,sandwiches
Kaitlin,neque.Morbi.quis@faucibusMorbi.org,(01517) 446966,793-6576 Gravida Rd.,Bhind,Nicaragua,$1.01,cereals
Claire,neque.venenatis@aenim.ca,056 2042 6682,Ap #413-3004 Nibh Rd.,Shipshaw,Palau,$56.98,pies
Hedda,convallis@nuncsit.com,(0115) 929 1872,"315-3076 Consequat, St.",Bavikhove,Mexico,$14.79,noodles
Courtney,magnis@at.co.uk,070 6935 0384,680-361 Quisque Avenue,Vänersborg,Samoa,$63.81,soups
Caesar,non@ut.org,(0181) 812 4652,9222 Auctor Rd.,Poole,Lesotho,$74.03,pies
Genevieve,fermentum.convallis@elitpretiumet.edu,0845 46 46,898-7968 Posuere Av.,Rosciano,Micronesia,$20.13,soups
Hyacinth,turpis.In.condimentum@ac.edu,(029) 4864 4754,4534 Nulla Street,Ammanford,Bulgaria,$15.91,noodles
Illiana,ipsum.dolor@aaliquetvel.com,055 1922 0298,"P.O. Box 534, 4279 Diam Street",Soissons,Zambia,$33.53,sandwiches
Sonia,enim.non.nisi@disparturient.com,07871 029198,770-371 Vel Street,Torre Cajetani,Seychelles,$18.25,desserts
Holmes,magna@cursusnon.co.uk,(012832) 28491,"P.O. Box 111, 1419 Malesuada Road",Asansol,Argentina,$67.94,soups
Talon,imperdiet.dictum@et.net,070 6152 7212,Ap #488-5860 Vivamus Street,Caramanico Terme,Macedonia,$19.86,pasta
Kylynn,ante@temporbibendum.net,(01458) 505279,Ap #364-8518 Tincidunt St.,Chelsea,Croatia,$67.83,desserts
Sheila,non@musProinvel.org,055 2224 1696,"P.O. Box 224, 4735 Consequat Ave",Mexico City,Costa Rica,$57.12,cereals
Malik,nostra.per@arcuSedeu.net,0845 46 40,Ap #681-5877 Feugiat St.,Beerse,Lebanon,$92.78,sandwiches
Aquila,libero.Proin@fringillaporttitorvulputate.ca,(016533) 60612,9116 Dapibus Street,Halisahar,Singapore,$1.29,pies
Charde,eu@semsempererat.net,056 4214 5628,"P.O. Box 412, 1445 Elit Avenue",Tucson,Romania,$11.23,salads
Kyle,Duis.gravida@loremutaliquam.ca,076 5041 5403,"123 Ut, Av.",Holywell,Rwanda,$93.84,salads
Beau,Mauris.magna.Duis@interdumligulaeu.ca,(0181) 576 7090,733-7781 Justo Road,Achalpur,Barbados,$64.74,cereals
Amity,Proin.nisl@Namac.co.uk,0940 510 4714,"P.O. Box 718, 8954 Sit Road",Bodmin,Tuvalu,$10.50,seafood
Jenna,vitae@PhasellusnullaInteger.ca,(0115) 342 4592,"P.O. Box 663, 8942 Pede, Road",Tuktoyaktuk,Falkland Islands,$54.30,soups
John,parturient@sitametrisus.com,(0131) 697 8425,Ap #769-7429 Arcu. Ave,Billings,Lebanon,$27.87,sandwiches
Sean,tempor.augue@egetipsumDonec.co.uk,(0111) 962 7985,"Ap #282-7002 Auctor, St.",Paz de Ariporo,Northern Mariana Islands,$66.42,noodles
Iris,purus@et.co.uk,070 0631 8210,Ap #212-956 Feugiat Avenue,Jecheon,Mayotte,$71.97,salads
Zoe,ultricies.adipiscing.enim@ultricies.org,076 2640 1379,117-1167 Nibh. Rd.,María Pinto,Sri Lanka,$42.75,salads
Kelly,neque@felispurusac.ca,(0119) 651 4622,"2921 Convallis, St.",Mira Bhayandar,Swaziland,$15.46,salads
Jonah,fringilla.mi.lacinia@dictumProin.net,(0121) 715 4401,Ap #737-5681 Tempus St.,Timaru,Northern Mariana Islands,$77.69,stews
Moana,nonummy@et.net,056 3114 5240,"P.O. Box 704, 8070 Quam. Rd.",Dillingen,Slovakia,$75.94,soups
Xander,eros@Etiamgravida.org,07753 359672,3184 Egestas St.,Wortel,Estonia,$19.85,salads
Brock,a.ultricies@Sed.org,0800 573627,"P.O. Box 985, 7645 Ullamcorper, St.",Fort Worth,United Kingdom (Great Britain),$20.14,soups
Evan,Duis.volutpat@Nuncuterat.edu,0939 309 8523,850-6241 Vel St.,Rekem,Isle of Man,$85.20,desserts
Cain,gravida.Praesent.eu@leo.com,(016977) 4143,5318 Est. Rd.,Spijkenisse,Norfolk Island,$52.42,cereals
Carolyn,Nulla@gravida.com,(01823) 37888,Ap #209-8285 Phasellus St.,Grandrieu,Falkland Islands,$26.61,noodles
Jakeem,fringilla.porttitor.vulputate@odiotristique.co.uk,0500 172348,Ap #434-7003 Vitae Road,Muradiye,Bahrain,$57.70,soups
Yen,vel.quam@augue.com,(01011) 90539,"Ap #123-6618 Amet, Rd.",Incheon,Seychelles,$61.13,pies
Simon,urna.nec@suscipit.ca,0800 702685,Ap #684-8225 Purus Road,Reutlingen,French Guiana,$80.22,noodles
Eden,a.feugiat@Namporttitor.co.uk,0904 279 3938,"P.O. Box 964, 9930 Lorem Road",San José de Alajuela,Uganda,$74.41,soups
Orla,euismod.est@arcu.edu,(01883) 552155,4287 Tristique Road,Brindisi,Hungary,$65.40,desserts
Octavius,Nulla@vehiculaPellentesquetincidunt.com,070 6213 5327,"666-932 Eget, Street",Shimoga,United Kingdom (Great Britain),$87.86,noodles
Deborah,nunc@euturpisNulla.co.uk,(013807) 48774,5562 Id Ave,Rimbey,Bahamas,$43.62,noodles
Tucker,Ut.nec@vulputate.ca,0800 500 5905,Ap #220-2303 Sit Rd.,Owen Sound,Isle of Man,$71.26,sandwiches
Yolanda,luctus@auctor.edu,(016977) 9502,"861-2531 Auctor, St.",Burdinne,Greenland,$71.12,seafood
Jasper,tellus.id@liberoMorbiaccumsan.org,056 6101 8188,514-3685 Auctor St.,Merbes-le-Ch‰teau,Kenya,$88.37,cereals
Chancellor,libero@parturientmontes.ca,0500 355005,6832 Suspendisse Ave,Ludvika,Reunion,$11.72,sandwiches
Justin,egestas@Donec.net,0800 1111,Ap #255-8712 Amet Ave,Joncret,Burkina Faso,$44.88,noodles
Darius,Cras@dapibusquamquis.net,076 5898 8229,3195 Justo Street,Massello,Australia,$33.75,stews
Rinah,sem.Pellentesque@erosProinultrices.co.uk,0800 1111,"P.O. Box 688, 1970 Posuere St.",Gojal Upper Hunza,Pitcairn Islands,$42.27,seafood
Boris,nisl.Quisque@incursus.co.uk,0800 362717,Ap #942-4184 Nibh Avenue,Kolomna,Chad,$53.66,pies
September,felis@urna.net,(0113) 779 3042,"P.O. Box 182, 8565 Tortor. St.",Louth,Malawi,$19.31,stews
Keith,tellus.imperdiet.non@nec.ca,0845 46 44,"P.O. Box 457, 5193 Aliquam Rd.",Pietrasanta,Hungary,$4.16,noodles
Dana,nulla.Cras.eu@magnaetipsum.org,(01683) 72142,Ap #608-3818 Posuere Rd.,Alken,Gibraltar,$34.31,noodles
Teegan,ullamcorper@aliquet.net,07624 758285,383-2622 Nibh. Street,Bedollo,Belarus,$3.87,pasta
Jonas,Mauris@ut.org,0500 694042,"P.O. Box 297, 9458 Orci Road",Carstairs,Bolivia,$32.65,pies
Jael,neque@semegestas.ca,(0171) 497 7990,Ap #231-7873 Metus Street,Lima,Chad,$68.79,soups
Thaddeus,Sed.auctor.odio@ac.com,07624 697261,"P.O. Box 500, 4490 Gravida Av.",Aurora,Serbia,$18.18,desserts
Arden,Donec.est@nislsem.edu,0911 902 1930,"P.O. Box 134, 3367 Augue. Rd.",Corroy-le-Ch‰teau,Bolivia,$79.19,desserts
Judith,orci.Phasellus@auctor.com,(01407) 711972,9746 Velit. Ave,Stafford,Jamaica,$63.81,sandwiches
Blake,sed.sem@sitametornare.org,055 3842 7269,9994 Ante Avenue,Estación Central,Samoa,$51.65,sandwiches
Lev,amet@fermentumarcu.ca,0857 760 6850,568-4124 In Road,Thanjavur,Kazakhstan,$94.74,seafood
Allegra,ac@Duis.co.uk,(017918) 98591,1586 Donec St.,Vysokovsk,Tunisia,$41.43,pies
Danielle,mauris.sapien@ametdapibus.co.uk,07552 677195,275-8242 Malesuada Street,Bozeman,Tunisia,$73.37,pies
Sasha,Integer.sem@aliquetmolestietellus.org,(01612) 28675,576-2114 Mollis Av.,Río Verde,Latvia,$54.44,seafood
Quamar,ornare.elit@urnaVivamusmolestie.org,(011562) 08928,Ap #444-162 Egestas Ave,Vanier,Slovakia,$40.78,pies
Ryder,sed.sem.egestas@odio.edu,(01926) 134543,"P.O. Box 187, 4603 Gravida. Av.",Rockhampton,Macedonia,$56.57,stews