Name,Email,Phone,Address,City,Country,Amount,Product
Laura,blandit@ipsum.org,(0141) 135 6342,473-5927 Faucibus. Rd.,Pordenone,Bosnia and Herzegovina,$59.53,sandwiches
Aspen,lectus.convallis@per.com,076 9205 6754,"P.O. Box 477, 9708 Cubilia Avenue",Cariboo Regional District,Western Sahara,$16.87,soups
Dacey,semper@lectusjustoeu.co.uk,0500 102298,889-6411 Facilisis. Av.,Sunset Point,United Arab Emirates,$59.78,salads
Iona,consectetuer.cursus@pede.com,0303 562 5317,"Ap #434-8591 Ultrices, Street",Jedburgh,Turkey,$60.49,cereals
Gannon,Praesent.interdum.ligula@blanditviverra.ca,0919 229 4893,927-3813 Leo. Road,Naro,United States Minor Outlying Islands,$11.92,sandwiches
Reese,nunc.sed.libero@nonummyut.org,(0113) 433 7652,138-7120 Integer Rd.,Shawinigan,British Indian Ocean Territory,$75.50,pies
Laith,fringilla.ornare@DonecegestasAliquam.co.uk,0800 029 9088,"P.O. Box 772, 5655 Cursus Road",Kashmore,Bangladesh,$17.07,soups
Dane,magna.a@mollisduiin.ca,0359 052 2314,"P.O. Box 231, 1660 Netus St.",Schaarbeek,Kiribati,$18.68,desserts
Ian,nonummy.ipsum.non@nondapibus.ca,(0171) 901 2544,Ap #461-5923 Euismod Rd.,Chilliwack,Gambia,$84.80,pies
Thomas,arcu.Curabitur@nonummy.org,0899 568 1134,"P.O. Box 232, 5276 Penatibus Rd.",Edmonton,Pitcairn Islands,$4.85,stews
Bernard,Ut@mus.edu,0318 907 2148,981 Aliquam Ave,Noragugume,Guadeloupe,$68.96,pasta
Karen,magna@vestibulumloremsit.edu,(01093) 32599,"893-7191 At, Ave",Bourlers,Austria,$34.23,seafood
Aubrey,netus.et@urnanec.ca,070 3310 1744,"P.O. Box 667, 2133 Nullam Rd.",Beauvechain,Andorra,$77.29,stews
Theodore,dignissim.pharetra@tellusSuspendissesed.com,055 4926 8072,Ap #290-8968 Non Rd.,Port Hope,Sweden,$17.71,pies
Fay,cursus.et@Crasdolordolor.edu,0800 837685,Ap #360-1647 Arcu. Rd.,Hervey Bay,Qatar,$67.95,stews
Vaughan,aliquet@Pellentesque.org,0845 46 46,"P.O. Box 522, 9184 Penatibus St.",Oostende,Antarctica,$17.10,sandwiches
Tatiana,ante@SuspendissesagittisNullam.co.uk,055 5393 0784,8841 Odio Road,Bovesse,Syria,$39.58,noodles
Winifred,libero.Integer@primisin.ca,0800 676 5628,980 Ornare. Rd.,Birmingham,Seychelles,$13.13,cereals
Dora,elementum.dui.quis@sit.edu,(018988) 56242,810 Dapibus Street,Pievepelago,Sudan,$54.08,seafood
Jessica,quam.Curabitur@sitamet.org,0800 917519,5486 Massa Street,Avellino,Mauritania,$12.34,soups
Wyatt,a.feugiat.tellus@velitQuisquevarius.edu,07624 499742,3297 Nulla. Rd.,Ujjain,Spain,$66.16,desserts
Urielle,amet.dapibus.id@nonlaciniaat.net,070 0611 9267,Ap #251-2768 Suspendisse St.,Colombo,Turkey,$53.56,seafood
Pandora,consequat.enim.diam@ac.org,(026) 8869 6666,"P.O. Box 978, 6535 Dictum Street",Toba Tek Singh,Sudan,$19.94,stews
Frances,ultricies@dictumProineget.co.uk,0800 1111,208 Purus St.,Amsterdam,Macedonia,$55.03,seafood
Gil,a.facilisis.non@nequeIn.ca,0910 458 2791,"P.O. Box 167, 8488 Pharetra Av.",Rocky Mountain House,Solomon Islands,$50.72,soups
Celeste,Praesent.eu.nulla@risus.com,(029) 1024 0144,4841 Donec St.,Chandler,Algeria,$10.80,pies
Lev,enim@justo.net,(01854) 80985,281-6413 Felis. Ave,Masterton,Fiji,$33.83,seafood
Ava,egestas.a@a.co.uk,(01426) 381094,987-8331 Cursus. St.,Lacombe,Wallis and Futuna,$32.47,sandwiches
Yvette,elit.pretium.et@in.com,070 8955 7512,999-9648 Convallis Av.,Nancy,Somalia,$67.77,desserts
Lev,sodales.nisi.magna@velitAliquamnisl.ca,07952 673424,"P.O. Box 213, 8875 Et Road",Exeter,Chile,$49.07,sandwiches
Lilah,Donec@utpharetrased.edu,0392 914 8973,"P.O. Box 456, 6446 Neque Avenue",Chancay,Liechtenstein,$73.38,seafood
Medge,sed.turpis.nec@erategettincidunt.net,056 4257 6066,701-4295 Donec St.,Quilleco,Montserrat,$1.10,salads
Ronan,erat.eget.ipsum@tincidunt.edu,(027) 4346 6339,"4734 At, Rd.",Campitello di Fassa,Iceland,$37.11,soups
Alea,cursus@sed.ca,(010811) 77433,"Ap #447-6096 Nec, St.",Worthing,Paraguay,$58.13,stews
Yvette,pharetra.Nam.ac@scelerisquenequeNullam.ca,0800 1111,548 Felis Rd.,Contagem,Tokelau,$40.08,pies
Hedley,laoreet.lectus@et.org,0800 749611,Ap #770-9669 Erat St.,Maranello,Dominican Republic,$27.11,stews
Hamish,nibh.vulputate.mauris@montesnascetur.org,0367 298 3480,720-6813 Nunc Rd.,Wrigley,Rwanda,$0.39,cereals
McKenzie,orci.adipiscing@quis.com,(018724) 67101,"P.O. Box 803, 6122 A St.",Laja,Iceland,$21.01,cereals
Kaitlin,Ut.semper@rhoncusDonec.com,0970 444 9951,792-7858 Nisl. St.,Bellevue,Guernsey,$29.72,salads
Alfonso,in.faucibus@non.org,0312 562 9935,335-8901 Curabitur St.,Fundación,Bhutan,$43.81,seafood
Declan,neque.vitae.semper@duiFuscealiquam.net,(0116) 200 1018,Ap #652-1497 Vel St.,Bhakkar,Laos,$13.35,cereals
Yuli,lacinia.orci@scelerisquescelerisque.ca,055 6219 7009,5251 Vel Ave,Gbongan,Turks and Caicos Islands,$38.80,pies
Tanisha,sed.pede@commodo.ca,07624 475796,490-6407 Lorem Rd.,Hualañé,Bangladesh,$45.37,pasta
Lyle,posuere.vulputate@nullaCraseu.org,07704 555488,315-2018 Ut Road,Tidore,Suriname,$17.79,soups
Fleur,massa@etcommodo.net,(01596) 19398,822-6384 Nulla Ave,Woodlands County,Ethiopia,$41.56,sandwiches
Zane,rhoncus@eget.com,(011777) 63248,337 Mauris Avenue,Villa Santo Stefano,Lebanon,$65.43,soups
Rogan,adipiscing.ligula@ametconsectetueradipiscing.org,0829 678 0835,Ap #368-8555 Consectetuer Street,Salon-de-Provence,Saudi Arabia,$40.44,desserts
Fredericka,Nullam.velit.dui@velest.edu,0800 276 6255,"7928 Amet, Av.",Warspite,Seychelles,$9.36,salads
Colleen,ligula.Aenean@dolor.org,(016405) 23873,Ap #873-8254 Velit Street,Ambleside,Cape Verde,$59.01,pasta
Rama,mauris@lorem.com,(0116) 357 2839,234 Sociis Av.,Pochep,Sao Tome and Principe,$45.41,pasta
Iola,vestibulum@ultrices.co.uk,056 5416 7608,"P.O. Box 213, 3585 Iaculis Street",Saint-Dizier,Falkland Islands,$93.55,cereals
Wyoming,Duis.a.mi@Loremipsum.org,070 8131 9134,Ap #608-5419 Fringilla Rd.,Houtave,Canada,$49.72,seafood
Neville,a.ultricies@diameu.net,0906 654 4532,Ap #760-7655 Et Road,Sullana,Cameroon,$58.09,pies
Vance,nec.tellus@Craseu.co.uk,0500 237378,2084 Mauris St.,Serrata,India,$12.98,salads
Mikayla,scelerisque@turpis.edu,(01824) 05069,5822 Sodales Rd.,Rockford,Germany,$70.73,seafood
Whitney,libero.lacus@aliquetlobortisnisi.ca,056 4354 6757,5083 Ullamcorper Rd.,Heerhugowaard,Bouvet Island,$36.47,pies
Chloe,mi.pede@lobortis.edu,056 1870 6220,8901 Congue. Road,Gresham,Cook Islands,$13.14,seafood
Ronan,diam.Sed.diam@lectusjusto.edu,07986 654927,"Ap #158-9662 Montes, Rd.",Nyandoma,Guinea-Bissau,$37.48,salads
Kylan,hendrerit@penatibus.org,07661 174161,528-416 Molestie Rd.,Oakham,Myanmar,$70.96,soups
Justina,Morbi.sit@turpisAliquam.com,07347 788868,5944 Interdum. Ave,Chetwynd,Wallis and Futuna,$30.51,pasta
Arthur,dictum.eu@nequenonquam.com,070 7408 1509,"P.O. Box 678, 4622 Leo Av.",Bautzen,Christmas Island,$94.54,salads
Valentine,Duis.mi.enim@ornare.edu,070 8269 0759,Ap #448-9128 Sem Av.,Salt Spring Island,Côte D'Ivoire (Ivory Coast),$39.16,stews
Curran,diam@magna.org,070 4613 6425,"3892 Sed, Road",Auxerre,South Georgia and The South Sandwich Islands,$76.72,pasta
Melodie,tellus.Phasellus.elit@sodalespurus.co.uk,0800 144254,Ap #777-8190 Duis Rd.,Biarritz,Russian Federation,$70.68,pies
Megan,lorem@Nuncacsem.com,056 6610 5186,919-6598 Dui. Rd.,Anseong,Tuvalu,$21.67,cereals
Michael,magna@scelerisquemollis.ca,0500 102920,"P.O. Box 242, 8243 Volutpat. Rd.",Francofonte,"Korea, South",$8.36,seafood
Eugenia,et.risus.Quisque@nullaat.ca,(01595) 239211,"P.O. Box 413, 6343 Vestibulum Avenue",Baasrode,Bolivia,$77.23,stews
Laura,dis.parturient@tortor.edu,(025) 1531 9193,Ap #372-6642 Neque. Street,Idar-Oberstei,Haiti,$3.29,desserts
Clarke,Nunc@amagnaLorem.net,(0191) 270 2402,Ap #873-1506 Vulputate St.,King's Lynn,Malawi,$20.82,sandwiches
Cheyenne,Nam.consequat.dolor@urnasuscipitnonummy.net,055 3864 2334,"P.O. Box 518, 7036 Tortor St.",Höchst,Russian Federation,$4.92,pasta
Jacob,et.euismod@Morbinon.edu,055 7959 7709,457-7300 Odio St.,Belogorsk,Netherlands,$40.53,soups
Fritz,mauris.sagittis.placerat@vestibulumnequesed.com,070 3357 9481,Ap #593-8273 Per Street,Freux,Aruba,$91.40,seafood
Zeph,Etiam@erosnonenim.edu,(016977) 6130,"P.O. Box 155, 6995 Orci, St.",Coatzacoalcos,Western Sahara,$85.63,seafood
Teagan,blandit.enim.consequat@Seddictum.org,055 1987 6253,566-4418 Arcu. Road,San Leucio del Sannio,Botswana,$4.87,cereals
Alea,odio.a.purus@erosnonenim.co.uk,07354 343385,"4315 Elit, Rd.",Toowoomba,"Saint Helena, Ascension and Tristan da Cunha",$45.03,salads
Cullen,posuere.cubilia.Curae@eleifendvitae.ca,0964 731 3171,7726 Rhoncus. St.,Serang,France,$18.81,noodles
Murphy,mus@Crasconvallisconvallis.org,070 9087 8353,285-8116 Euismod Road,Schriek,Mexico,$91.96,soups
Megan,a.feugiat@egestasurnajusto.edu,0845 46 48,Ap #539-675 Risus. Av.,Carunchio,Turks and Caicos Islands,$40.15,soups
Wyoming,erat.Etiam.vestibulum@aauctornon.org,0500 285225,"P.O. Box 194, 3325 Placerat St.",Leganés,Curaçao,$70.82,pasta
Savannah,Praesent.interdum.ligula@purus.co.uk,0819 689 1362,676-8579 Aliquam Av.,Santander de Quilichao,Tunisia,$27.90,sandwiches
Scarlet,sociis@Morbisit.ca,070 1823 6647,7750 Facilisis Road,Chetwynd,Australia,$55.16,desserts
Gary,adipiscing.lobortis@tortor.org,0800 014255,Ap #806-188 Dolor Av.,Guysborough,Jersey,$28.85,soups
Phillip,Nam.ac@hendrerita.co.uk,076 1816 3064,849 Ligula Rd.,Halkirk,Lithuania,$85.86,sandwiches
Gabriel,sit@enim.net,0800 360 6023,392-2029 Lectus. Ave,Turriaco,Togo,$53.19,soups
Lydia,non.arcu.Vivamus@CrasinterdumNunc.org,0800 621 1229,"4927 Lorem, Rd.",Boulogne-Billancourt,Turkmenistan,$68.60,pies
Susan,Proin@faucibusleo.org,0378 529 3509,"P.O. Box 945, 3576 Congue. Street",Tranent,Mauritius,$73.32,stews
Illana,lacus.Ut@sem.edu,(01686) 08923,7473 Mi Av.,Brahmapur,Zimbabwe,$69.57,pies
Shafira,tempor.bibendum.Donec@MaurismagnaDuis.edu,(028) 0314 4879,"Ap #550-6426 Nec, Ave",Oyen,Uzbekistan,$29.28,seafood
Clark,Cum.sociis.natoque@etlacinia.net,0923 876 8975,"537-6748 Vel, Road",Grobbendonk,French Southern Territories,$26.26,seafood
Kenneth,arcu.Morbi.sit@eratsemper.org,056 4982 6318,"Ap #123-3251 Odio, Street",Sint-Denijs,Central African Republic,$23.82,soups
Shea,tellus.justo@elitpellentesque.edu,0845 46 48,9996 Eu St.,Zhukovsky,Libya,$73.21,noodles
Ria,sed.est.Nunc@intempuseu.co.uk,076 8755 2415,"P.O. Box 135, 4328 Egestas. St.",Salzburg,Marshall Islands,$67.62,sandwiches
Alec,in.consectetuer@Curae.com,(0121) 755 9236,"P.O. Box 939, 1992 Amet, Street",Huntley,Bahamas,$19.66,desserts
Breanna,pede.nonummy@faucibus.net,0500 701882,Ap #726-8991 Tellus. Rd.,Pontianak,Bangladesh,$36.45,desserts
Yoko,interdum.Nunc.sollicitudin@atnisi.co.uk,(026) 8369 9732,7838 Semper Ave,Gangtok,Guatemala,$47.90,pasta
Destiny,mattis.Integer@semvitaealiquam.net,(016977) 8789,720-9432 Malesuada St.,Deline,Cook Islands,$27.13,salads
David,rhoncus@odiotristique.com,(018725) 06509,Ap #362-9654 Aliquet Av.,Town of Yarmouth,Burkina Faso,$99.11,pasta
Rashad,aliquet.sem@tincidunt.edu,070 6086 2316,3297 Nulla Street,Hatfield,Cuba,$32.98,seafood
Graham,massa.rutrum.magna@SeddictumProin.net,(0110) 938 3765,564-6903 Ad Rd.,Pazarcık,Israel,$13.23,salads
Ainsley,nonummy.ut@montesnasceturridiculus.net,0800 185375,855-3852 Hendrerit. St.,Zierikzee,Bahrain,$35.15,desserts