Name,Email,Phone,Address,City,Country,Amount,Product
Maris,molestie.tellus.Aenean@aliquam.edu,055 0942 9582,"P.O. Box 647, 8428 Lacus. Ave",Ingraj Bazar,Benin,$7.86,pasta
Lois,augue@ultricies.ca,(019044) 53489,"P.O. Box 203, 6263 Eleifend St.",Melle,Falkland Islands,$16.01,pies
Jennifer,fringilla.Donec@anuncIn.net,0968 640 4560,Ap #743-8060 Lacus. St.,Opwijk,Anguilla,$22.82,pies
Ariana,parturient@tellusSuspendisse.co.uk,(0181) 005 6572,3559 Maecenas Avenue,Kurgan,Uganda,$34.49,sandwiches
Serina,Morbi@pellentesqueSed.ca,055 9845 5981,5635 Auctor St.,Midlands,Martinique,$52.07,salads
Anika,neque.Nullam.ut@Aliquamnec.net,(0110) 716 1433,"P.O. Box 719, 4209 Sem Road",Macklin,Åland Islands,$1.24,sandwiches
Clark,est@perinceptoshymenaeos.org,0820 978 8555,924-1249 Sollicitudin St.,Krasnoarmeysk,Vanuatu,$45.20,salads
Bruce,quis@Maecenas.org,(0131) 663 5929,494-537 Interdum. St.,Cimolais,Costa Rica,$67.33,pasta
Colleen,Nunc.commodo@nisl.com,(010945) 11175,"563-8137 Ac, Av.",Neunkirchen,Seychelles,$5.03,sandwiches
Gage,Duis.elementum@litora.ca,0800 288 4522,685-6608 At Road,Kufstein,Egypt,$15.62,soups
Clark,malesuada@sit.net,076 6885 4173,"452-5743 Lectus, Street",Oteppe,Albania,$82.86,seafood
Mara,lectus@euaugue.net,055 5483 6593,Ap #348-9602 Pede. Rd.,Itzehoe,Tajikistan,$93.77,noodles
Charles,ornare@amet.ca,(0141) 765 6773,Ap #472-5251 Nunc Ave,Mottola,Tanzania,$94.43,desserts
Serena,egestas@nulla.net,(016355) 13108,"P.O. Box 845, 8233 Sed St.",San Ramón,Turkmenistan,$50.37,salads
Clementine,lorem@magnisdisparturient.net,0845 46 45,"P.O. Box 290, 6384 Neque Av.",Richmond,Jersey,$33.06,soups
Theodore,ipsum.nunc.id@duiin.net,056 7448 5384,"4613 Non, Av.",Villers-la-Tour,Romania,$24.69,cereals
Yardley,Curabitur@lobortisultrices.org,(012076) 23926,875-4860 Nibh. Avenue,Palena,Spain,$49.34,pasta
Aaron,porttitor.tellus@maurisIntegersem.net,0800 1111,379-1049 Lacus. Av.,Habergy,Uganda,$44.66,pasta
Cameron,quam@adipiscing.com,(016977) 8927,"Ap #411-7504 Lorem, Av.",Clearwater Municipal District,Isle of Man,$44.39,soups
Merritt,dui@eratEtiam.edu,076 1054 2480,642-3369 Tellus Road,Stevoort,Estonia,$18.54,seafood
Jael,nec.luctus@nuncrisusvarius.net,070 4246 8956,911-3362 A Rd.,Merrickville-Wolford,Afghanistan,$34.17,seafood
Warren,libero@gravidamolestie.net,0500 975070,Ap #175-2055 Purus. Ave,Magnitogorsk,Swaziland,$59.09,soups
Kasimir,sagittis@metus.edu,(0111) 597 8263,1759 Sollicitudin Av.,Yellowhead County,United Kingdom (Great Britain),$15.38,stews
Barrett,feugiat@ametante.com,(016977) 0452,248-5889 Nulla. Rd.,Impe,British Indian Ocean Territory,$5.89,pies
Meghan,pretium.aliquet.metus@pharetrautpharetra.net,(016977) 2040,6083 Tincidunt St.,Watermaal-Bosvoorde,Curaçao,$63.04,noodles
Griffith,posuere.cubilia@eget.org,070 3431 3534,Ap #660-9065 Sit St.,Allumiere,"Congo, the Democratic Republic of the",$55.00,soups
Vance,eros.nec@aultriciesadipiscing.ca,07181 269110,854-4760 Luctus Road,Rizes,Saint Vincent and The Grenadines,$56.52,noodles
Kennan,Pellentesque.habitant@Donec.org,055 6593 5183,809 Duis Av.,Salt Spring Island,Israel,$17.29,desserts
Shea,nec@temporestac.edu,07355 537696,"9804 Suscipit, Road",Alwar,Benin,$7.14,sandwiches
Lars,ullamcorper.magna@luctusCurabituregestas.ca,07624 026021,194-7600 Suspendisse Street,Banff,Armenia,$11.24,soups
Lee,egestas.hendrerit@Loremipsum.co.uk,(016977) 9342,127-6379 Eget St.,Washington,Liechtenstein,$54.63,pies
Bo,Quisque@ante.co.uk,0994 574 3895,"P.O. Box 640, 7878 Convallis Street",Patos,Poland,$92.23,salads
Nora,lobortis.Class.aptent@dolor.ca,0958 702 2241,791-4031 Duis St.,Carahue,Gibraltar,$28.21,pies
Yoshio,nisl.Maecenas@euismodindolor.com,(0151) 523 9770,3621 Eget Av.,Henis,Liechtenstein,$71.23,soups
Rajah,nec.metus.facilisis@Aliquam.edu,0800 1111,504-2397 Interdum St.,Gattatico,Norfolk Island,$94.96,cereals
Peter,orci@magnaNam.ca,0845 46 49,Ap #900-4289 Sit St.,Wimbledon,Samoa,$81.93,pies
Levi,Cras.dictum.ultricies@Morbiaccumsan.net,(015956) 78259,Ap #531-7184 Nulla. Av.,Courbevoie,Saint Pierre and Miquelon,$41.69,sandwiches
Holmes,scelerisque@odioNaminterdum.com,076 0422 6000,1701 Sodales St.,Hubli,Greece,$71.11,sandwiches
Gabriel,quis.diam.luctus@quispede.com,0938 460 7989,5298 Ante Avenue,Blankenberge,Angola,$96.88,salads
Cathleen,tempor.augue@Proin.com,0500 981034,"Ap #768-9337 Et, Av.",Guadalupe,Puerto Rico,$46.54,cereals
Ciara,lobortis@dolortempus.edu,(0113) 000 4833,203-6379 Mi. Rd.,Lisieux,Northern Mariana Islands,$65.32,pasta
Kyla,turpis.In.condimentum@leoCrasvehicula.com,076 6065 9224,6649 Litora Street,Lanaken,Ethiopia,$99.24,stews
Cedric,metus.In@scelerisque.ca,(0131) 002 6028,218-2420 Elementum Rd.,Kieldrecht,Curaçao,$79.99,desserts
Mechelle,ac@arcuvelquam.edu,0921 719 1354,"654-2590 Nec, Rd.",Mont-Sainte-Genevive,Kiribati,$7.63,desserts
Erich,luctus@Nuncuterat.edu,0378 594 9081,"7987 Vulputate, Street",Hartford,Estonia,$30.79,pies
Meghan,Ut.tincidunt.vehicula@dictumplacerataugue.ca,0385 771 8803,"P.O. Box 901, 9307 Ipsum. Street",Waterloo,"Virgin Islands, United States",$88.01,soups
Quentin,aliquet@massaSuspendisse.com,070 4538 4998,"P.O. Box 812, 458 Pellentesque. Avenue",Penhold,Svalbard and Jan Mayen Islands,$11.97,noodles
Ishmael,dui@nisiCum.co.uk,076 2252 2073,"P.O. Box 912, 6590 Lacus. Avenue",Liedekerke,Pitcairn Islands,$29.56,desserts
Montana,mattis.Integer.eu@cursus.org,0845 46 45,692-6165 Pulvinar Rd.,Bruderheim,Albania,$18.16,pasta
Benedict,cursus.Integer.mollis@ac.edu,070 3255 3410,4755 Lacus. Rd.,Milestone,Trinidad and Tobago,$19.60,noodles
Bradley,ultricies@ut.net,0800 149 4885,1938 In Av.,Thirimont,Saint Barthélemy,$3.83,salads
Iliana,pharetra.sed.hendrerit@anteiaculis.ca,0907 440 7151,669-8564 Ultrices Rd.,Guwahati,Tunisia,$98.91,desserts
Owen,erat.vel@gravidasagittisDuis.com,0301 814 2418,Ap #685-7957 Tincidunt Street,Cincinnati,Fiji,$90.74,pies
Melinda,ornare.egestas@dolor.co.uk,0800 431892,Ap #314-4292 Ipsum. St.,Dornbirn,Netherlands,$46.76,seafood
Cynthia,ante.blandit.viverra@justoPraesent.co.uk,07624 552930,490-4550 In Road,Barranco Minas,Somalia,$45.46,soups
Nevada,euismod.et@odioauctorvitae.ca,0500 670162,598-7133 Odio. St.,Loy,Faroe Islands,$95.60,soups
Yasir,Aenean@cursuset.org,0936 123 3886,"P.O. Box 460, 8447 A Road",Istanbul,Thailand,$78.87,seafood
Jemima,lectus.sit.amet@nuncestmollis.edu,(01536) 366831,872-8951 Nascetur Ave,Motta Camastra,Guyana,$74.50,pasta
Nevada,ridiculus@natoque.ca,055 7955 6869,"P.O. Box 996, 5799 Nisi Street",Märsta,China,$42.46,stews
Myles,Nam.nulla@CuraeDonec.edu,0972 063 3652,"P.O. Box 370, 5142 Leo, Rd.",Heredia,Japan,$33.41,stews
Basil,nisi@Aenean.net,076 3122 2806,"P.O. Box 360, 311 Adipiscing Avenue",Sargodha,Spain,$56.03,sandwiches
Kasimir,malesuada.vel.venenatis@Proinvelit.edu,056 6426 4361,"P.O. Box 509, 3805 Malesuada Rd.",Lonzee,Belize,$27.05,pies
Allistair,sodales@magna.ca,0800 1111,447-5235 Tellus St.,Bismil,United States,$52.19,stews
David,metus@elementum.co.uk,07624 922126,241-1097 Malesuada Rd.,Leduc,Kenya,$52.12,pies
Carson,nec.mauris@Nullam.net,0399 104 7613,Ap #389-3425 Scelerisque Rd.,Bussolengo,Laos,$59.21,soups
Coby,Donec@Etiamvestibulum.org,(0111) 565 2190,"P.O. Box 110, 3634 Turpis. Road",San Andrés,Pakistan,$69.06,soups
Davis,tellus.Suspendisse.sed@Suspendisseac.edu,07992 636010,806-6832 Faucibus Av.,Cagnes-sur-Mer,British Indian Ocean Territory,$29.83,pasta
Damon,malesuada.fames.ac@lacusCras.net,07624 211109,"P.O. Box 417, 4371 Laoreet Road",Chandler,New Zealand,$30.56,desserts
Eugenia,mauris.Morbi@arcuSedet.edu,0832 648 8583,"3676 Sem, St.",Quirihue,Hungary,$19.87,pies
Graham,elit.Curabitur@justo.net,07624 903706,"Ap #158-7349 In, Road",Sant'Elena,Turkey,$69.24,salads
Imogene,tempus.scelerisque.lorem@liberonecligula.net,(01735) 249504,571-3964 Proin St.,Clearwater Municipal District,Slovakia,$64.64,soups
Chester,tellus.Aenean@loremfringilla.com,0364 474 5843,Ap #543-1195 Diam St.,Novgorod,Lesotho,$80.08,desserts
Zelenia,rhoncus.id.mollis@necmauris.ca,(0121) 212 6613,"P.O. Box 669, 3284 Aliquam Avenue",Hindeloopen,Australia,$3.19,stews
Benedict,Integer.aliquam@nec.org,0920 558 4484,707-6095 Sit Ave,San Calogero,Micronesia,$31.82,cereals
Nola,Duis.mi.enim@at.co.uk,(016977) 3402,288 Mollis. Road,Norfolk,Slovakia,$59.79,pasta
Steel,metus.eu.erat@amet.org,0944 151 3355,7774 Lorem Ave,Mombaruzzo,Equatorial Guinea,$90.54,soups
Basil,tortor.Integer.aliquam@massaSuspendisseeleifend.org,0500 443738,512-8476 Nibh. Rd.,San Floriano del Collio,Montserrat,$94.51,sandwiches
Raphael,nulla@scelerisquemollisPhasellus.edu,0845 46 40,902-9384 Nulla Rd.,Ribnitz-Damgarten,Venezuela,$18.27,seafood
Hayden,sapien.Nunc@luctusvulputatenisi.org,(01132) 85248,5381 Libero Road,Orléans,Romania,$8.49,stews
Neville,urna@loremac.co.uk,(0111) 330 3094,7904 Nullam Ave,Stary Oskol,Ethiopia,$1.58,cereals
Quynn,risus@nunc.net,0800 799679,Ap #293-6288 Pede Road,Skövde,Syria,$64.70,seafood
Christen,est.ac.facilisis@semut.com,(0141) 380 6011,"225-262 Vulputate, Rd.",Mosciano Sant'Angelo,Côte D'Ivoire (Ivory Coast),$93.80,soups
Colette,convallis.in.cursus@DonectinciduntDonec.co.uk,0845 46 43,"P.O. Box 142, 1170 Et Road",Tirupati,Saint Martin,$96.82,pies
Minerva,quis.pede.Suspendisse@enimSuspendisse.ca,0800 977952,"883-7788 Sed, Street",De Klinge,Suriname,$41.74,stews
Justine,tempor.est.ac@Maurisnon.edu,(01331) 00005,Ap #659-4509 Tristique Rd.,Orroli,Barbados,$43.09,pasta
Melanie,aliquam.arcu@eterosProin.com,(01258) 989293,"P.O. Box 276, 7872 Sit Street",Sagar,Guatemala,$76.57,noodles
Tobias,arcu@erat.ca,0389 267 1650,6149 Eleifend Ave,Fort Worth,French Polynesia,$62.72,sandwiches
Urielle,dictum@egestasAliquam.edu,056 9927 6279,Ap #997-4374 Mauris Rd.,Ust-Katav,Jordan,$99.27,seafood
Vera,non.feugiat@Aliquamadipiscing.ca,0800 1111,Ap #437-8863 Posuere Rd.,Abeokuta,Saint Lucia,$46.28,pasta
Maxwell,Donec@urnaNullam.com,0369 828 2245,"P.O. Box 942, 2714 Elit Street",Palestrina,Seychelles,$17.09,soups
Linus,dictum.magna@anteipsum.com,0852 703 6335,"P.O. Box 624, 843 Porttitor Avenue",Kirkintilloch,Gibraltar,$82.08,desserts
Zephr,lorem@disparturient.com,(016977) 7266,553-3437 Sapien Rd.,Pizzoferrato,Tuvalu,$25.05,pies
Maya,vitae.purus.gravida@dapibusquamquis.ca,076 0267 0469,"5996 Nec, Av.",Torgny,Mongolia,$39.73,pasta
Gwendolyn,sapien.Cras@semmollisdui.ca,07624 664956,2256 Et Rd.,Desamparados,Iraq,$78.81,desserts
David,a.odio@egestasblanditNam.edu,0800 150630,5421 Non Avenue,Xhoris,Saint Kitts and Nevis,$81.65,cereals
Andrew,fringilla.purus.mauris@malesuadaaugue.net,(01868) 95770,"812-6991 Et, Avenue",Tijuana,Saint Barthélemy,$11.85,soups
Talon,in.faucibus@aceleifendvitae.ca,07116 591115,7527 Feugiat. Rd.,Beauvais,Lebanon,$68.13,cereals
Damian,dolor@nonenimMauris.ca,0800 945997,Ap #311-6699 Vestibulum Ave,Bamberg,Senegal,$85.65,pasta
Phelan,nec@accumsan.co.uk,(029) 6327 1890,"P.O. Box 437, 4313 Augue Rd.",Borgo Valsugana,Kiribati,$17.56,pies
Adrian,non.justo.Proin@ullamcorperviverra.co.uk,0800 644 2483,5828 Non St.,Giarratana,Russian Federation,$57.65,pies