Name,Email,Phone,Address,City,Country,Amount,Product
Orson,natoque@massa.edu,0500 532306,"P.O. Box 518, 3990 Consequat Avenue",Galzignano Terme,Bahamas,$51.97,pasta
Petra,amet.risus.Donec@Duisvolutpatnunc.co.uk,(029) 3461 0609,8279 Ut Street,Leoben,Turks and Caicos Islands,$95.07,desserts
Ingrid,arcu.Curabitur@velitjustonec.com,0800 489134,5709 Libero Street,Elektrostal,Algeria,$93.52,desserts
Brielle,leo@tristiquepellentesque.edu,076 5902 0882,"Ap #396-7748 Erat, Rd.",Inuvik,Ethiopia,$67.88,pasta
Cedric,Aliquam.adipiscing@mattis.com,0981 187 8511,"P.O. Box 631, 5391 Libero Ave",Duffel,Laos,$17.10,desserts
Dominic,neque@auctorullamcorper.net,(0114) 150 4858,114 Cursus St.,Arquata del Tronto,Zambia,$11.28,salads
Hannah,ante.Vivamus@Integervulputaterisus.org,0800 153428,Ap #341-1445 Nulla. Av.,Mundare,Puerto Rico,$80.40,noodles
Zenaida,gravida@metus.co.uk,056 3896 4695,5668 Magna. Avenue,Ingooigem,Malta,$68.64,salads
Gannon,id.erat@Vivamusnibhdolor.ca,055 9606 6245,7829 Orci. Rd.,Ceranesi,Martinique,$19.86,stews
Gretchen,Fusce.diam@metus.co.uk,0800 152 0093,Ap #976-3757 Adipiscing St.,Nethen,Mauritius,$93.21,cereals
Oren,congue@faucibusorciluctus.org,0819 598 3491,946-2765 Tristique Avenue,Cartago,Mauritius,$69.51,sandwiches
Chancellor,nisl.Nulla@ipsum.org,(016977) 8050,"P.O. Box 403, 9272 Eu Av.",St. Clears,Niue,$97.93,noodles
Justin,leo.Morbi@aliquam.co.uk,076 3445 8611,Ap #690-3241 Egestas St.,Pune,Haiti,$68.08,sandwiches
Heidi,scelerisque@cubilia.ca,(013560) 58146,"P.O. Box 344, 3934 Iaculis Ave",Lawton,Bhutan,$4.44,seafood
Jana,sit.amet.consectetuer@egestasAliquamnec.net,070 1854 5358,647-324 Arcu. St.,Gubkin,New Caledonia,$72.93,pies
Thor,Integer.vulputate.risus@Proineget.net,(01112) 322875,Ap #400-9042 Malesuada Road,Val Rezzo,Montenegro,$70.48,seafood
Rahim,rutrum@vestibulumneque.co.uk,(011046) 58397,3014 Rutrum Av.,La Plata,New Zealand,$14.18,pies
Fuller,semper.Nam@lobortis.org,056 8084 7603,7317 Cubilia Rd.,Morinville,Angola,$59.15,desserts
Jescie,nec.enim@magnatellus.org,0800 705984,"Ap #840-5703 Ut, Ave",Stendal,Algeria,$71.20,seafood
Patricia,nec.ante@Pellentesquehabitantmorbi.ca,(029) 7716 3387,9633 Ante Avenue,Porto Cesareo,Papua New Guinea,$53.46,stews
Joseph,dapibus@ac.net,0800 1111,"P.O. Box 580, 9218 Non Street",Ávila,Poland,$68.64,soups
Ryan,lacinia.vitae.sodales@antelectus.co.uk,07462 324384,Ap #576-4163 Proin Street,Renaico,Kyrgyzstan,$9.06,seafood
Pascale,lectus.justo.eu@vulputate.edu,0873 849 4775,Ap #118-9195 Integer Av.,Torre Cajetani,Reunion,$74.18,pasta
Kirsten,velit.Quisque@lectusjustoeu.org,(0117) 752 0485,"P.O. Box 642, 1334 Vivamus Road",Peñaflor,Finland,$30.80,pies
Kibo,Maecenas.iaculis@acsemut.edu,055 1948 1648,Ap #906-6637 Vestibulum. Avenue,Mottola,Marshall Islands,$57.18,desserts
Casey,elit.a.feugiat@eratvitae.com,07223 279504,Ap #465-2943 A Rd.,Schoonaarde,Latvia,$70.10,noodles
Dalton,sed@parturient.org,0800 728945,"705-7458 Orci, Rd.",Calamar,Mali,$63.31,soups
Richard,Vivamus.euismod.urna@amet.com,(0161) 102 0538,802-7473 Convallis Rd.,Maranguape,Malta,$47.81,desserts
Carson,cursus.non@pedeblandit.net,(0151) 879 7337,"P.O. Box 941, 9179 Egestas St.",Gojal Upper Hunza,Syria,$18.27,cereals
Tiger,eu.nibh.vulputate@lectusrutrum.org,0845 46 42,Ap #473-7804 Dolor Ave,Sclayn,Seychelles,$2.49,cereals
Shea,ut@estmaurisrhoncus.net,(028) 0448 9664,3004 Gravida St.,Jammu,Brazil,$26.51,sandwiches
Dexter,faucibus@fringillaestMauris.net,0800 1111,"P.O. Box 936, 1190 Id, Avenue",Hyderabad,Slovakia,$52.17,pasta
Evelyn,Nullam@ipsumCurabiturconsequat.net,07879 864705,"P.O. Box 504, 8620 Sit St.",Svitino,Moldova,$56.73,seafood
Christian,Aliquam@enim.co.uk,(0114) 420 2541,Ap #875-8070 Ante Street,Arauca,Benin,$32.67,desserts
Chandler,imperdiet.ullamcorper.Duis@ultrices.com,056 1621 0804,"Ap #488-4413 Dui, Rd.",Constitución,Georgia,$5.46,seafood
Ali,facilisis.vitae@lacus.co.uk,070 6750 2050,"7762 Id, Street",Schleswig,Burundi,$5.68,desserts
Ursa,sociis.natoque@placeratCras.com,076 0047 6203,Ap #881-9548 Orci. St.,Bevilacqua,Åland Islands,$72.27,pasta
Hedy,Morbi@Loremipsum.edu,0800 950560,653-1616 Nunc Avenue,Latinne,Reunion,$8.30,cereals
Calista,pede@Nuncmauris.edu,(0111) 016 3508,340-7521 At Avenue,Bridgwater,Uzbekistan,$27.24,noodles
Rogan,urna.et@risus.com,0500 897885,516-1690 Phasellus Av.,Hassan,Macao,$5.40,cereals
Linus,sapien.Cras@Nuncquis.com,07624 583843,Ap #800-8253 Nam Rd.,Vallentuna,Lesotho,$5.87,salads
Barry,nostra@ipsum.net,(016977) 7123,3972 Augue St.,Alviano,Mauritius,$95.96,soups
Jayme,et.netus.et@mattis.com,0372 427 7251,"P.O. Box 501, 2621 Auctor Rd.",West Ham,Aruba,$59.33,sandwiches
Aimee,ut@Donecelementumlorem.org,(01755) 14334,"Ap #910-1175 Elementum, Avenue",Spalbeek,Czech Republic,$60.64,seafood
Burke,Aenean.euismod.mauris@blandit.edu,(016977) 4467,111-983 Curabitur Av.,Athens,Latvia,$90.78,soups
Evan,lectus@purusMaecenaslibero.co.uk,0967 680 0941,"P.O. Box 987, 5416 Massa Av.",St. Catharines,Kenya,$36.18,cereals
Lara,non.leo.Vivamus@nonvestibulumnec.net,056 7634 4625,4018 Luctus St.,Gijzegem,Guernsey,$14.57,stews
Brock,pellentesque.tellus.sem@etmagnisdis.co.uk,0845 46 45,"P.O. Box 190, 3974 Nullam Av.",West Jakarta,Saint Martin,$62.76,pasta
Kyle,Integer.sem.elit@purus.net,(01860) 291480,"P.O. Box 388, 9344 Vel, Avenue",São José dos Pinhais,Cambodia,$66.28,desserts
Allen,lacus@cubiliaCuraeDonec.net,0804 050 9376,"P.O. Box 408, 9134 Non Rd.",Campolieto,Russian Federation,$94.58,stews
David,Curabitur@turpisegestas.org,07624 478231,"P.O. Box 416, 8617 Dapibus St.",Meißen,Reunion,$89.35,pies
Christian,tellus@elementum.com,076 9045 9875,"P.O. Box 798, 1049 Senectus St.",Ladispoli,Saint Barthélemy,$13.50,sandwiches
Ila,ornare@sit.edu,(015451) 50791,682-3626 Sed Av.,Perth,Liberia,$21.78,seafood
Maya,consequat.enim.diam@dignissimmagna.co.uk,0800 700 6610,783-3419 Donec Rd.,Inverurie,Albania,$71.58,soups
Palmer,cursus.luctus@Duisgravida.com,07624 798959,"7288 Purus, Rd.",Ashoknagar-Kalyangarh,French Polynesia,$19.52,seafood
Cyrus,Cum.sociis.natoque@vitaeeratVivamus.net,(016977) 0836,9559 Molestie Avenue,Blieskastel,Switzerland,$25.51,sandwiches
Isabelle,bibendum.fermentum@neque.ca,(010121) 31584,"P.O. Box 565, 7799 Etiam St.",Filot,Nicaragua,$63.59,seafood
Megan,risus.Nulla@tristique.ca,07336 557968,Ap #941-5450 Gravida St.,Shangla,Nigeria,$22.90,pasta
Vance,montes.nascetur@Duis.ca,0391 888 3125,511-3009 Hendrerit Rd.,Melton,Ukraine,$43.09,noodles
Yen,mattis@metusfacilisislorem.ca,(01786) 52257,890-5490 Mauris Rd.,Stuttgart,Antigua and Barbuda,$83.45,stews
Aiko,pellentesque.eget@vitaepurusgravida.net,0952 872 0531,937-776 Dui. Rd.,Eisden,Turkey,$88.30,noodles
Hillary,eu.tellus.eu@ipsumSuspendissenon.co.uk,(0118) 822 2507,"P.O. Box 783, 1225 Urna Street",Montgomery,Lithuania,$6.49,pasta
Kermit,at.velit@tinciduntvehicularisus.com,056 7658 1985,Ap #352-8213 Dui. Avenue,Pinneberg,Marshall Islands,$24.89,cereals
Daquan,luctus.et@egetipsum.co.uk,0999 740 9015,9953 Ante Road,Tula,Bolivia,$20.61,soups
Quamar,et.ultrices.posuere@nonjustoProin.edu,0800 1111,"P.O. Box 682, 6998 At, St.",Cuautla,South Africa,$63.28,cereals
Claudia,Praesent@sit.edu,0800 372900,"241-5159 Elit, Rd.",Dolembreux,Sao Tome and Principe,$90.34,pasta
Kellie,Curabitur@amet.net,055 2234 1094,7104 Et Road,Balvano,Mauritius,$95.85,desserts
Brennan,accumsan.interdum.libero@temporaugue.edu,07191 496293,2672 Odio. Street,Dreieich,Belarus,$83.11,seafood
Nolan,faucibus@orci.edu,(01552) 84197,Ap #650-9870 Aenean St.,Acuña,Germany,$28.11,cereals
Delilah,velit@quis.com,07624 899853,8083 Vitae Street,Ahrensburg,Isle of Man,$65.70,pasta
Rooney,dui@intempus.org,(0110) 038 5209,348-8728 Massa. St.,Nordhorn,India,$37.73,sandwiches
Jayme,dictum.sapien.Aenean@euarcuMorbi.org,0934 311 2332,7306 Etiam Street,Xhoris,Hungary,$86.38,pasta
Linus,varius@velvulputateeu.ca,0845 46 49,"P.O. Box 239, 3264 Augue Street",Ramillies,Nigeria,$56.87,stews
Reece,tristique@sitametconsectetuer.com,0800 060 0259,3103 Neque. Avenue,Düsseldorf,Grenada,$32.75,sandwiches
Ronan,vehicula@ullamcorpervelitin.ca,(0119) 638 2020,8647 Rhoncus. Rd.,New Glasgow,South Georgia and The South Sandwich Islands,$55.28,soups
Heidi,montes@iaculis.org,0800 811984,"P.O. Box 606, 6046 Tempor Rd.",Aurora,Niue,$5.67,noodles
Baxter,id@nullaatsem.ca,0500 054060,9261 Sapien Street,Columbia,Singapore,$55.89,salads
Isaiah,orci@dolornonummy.co.uk,(016086) 74517,7969 At Avenue,Winterswijk,Gambia,$50.38,pasta
Kyle,risus.Donec@sed.ca,055 7915 6459,"P.O. Box 383, 9127 Sem St.",Scheggino,Liberia,$68.74,noodles
Fay,eu.tellus.eu@urnaNullam.org,0500 606077,Ap #306-9583 Eu Street,Isola del Gran Sasso d'Italia,"Korea, North",$81.47,stews
Stephen,Cras@volutpat.net,0935 295 8488,343-7517 Nulla. Road,Enines,Curaçao,$95.60,desserts
Anthony,nec.luctus@tristiqueneque.co.uk,0500 966375,790-7932 Ipsum. Street,Morelia,Latvia,$30.32,noodles
Kylie,a@leo.net,(018463) 82077,775-5961 Nullam St.,Yumbel,Liechtenstein,$37.39,seafood
Lester,Aenean.massa.Integer@ametnullaDonec.net,(01801) 352556,"309-528 Orci, Ave",Hemel Hempstead,Maldives,$11.09,pasta
Medge,mauris@lectuspedeultrices.com,0313 570 9525,1691 Lacinia St.,Huntsville,Finland,$33.36,salads
Malachi,auctor@quisaccumsanconvallis.net,0396 826 8584,4471 Varius. Av.,Compiègne,Tonga,$71.88,noodles
Vera,quis.accumsan.convallis@dolor.co.uk,(012270) 84037,"P.O. Box 742, 748 Imperdiet Avenue",Ziarat,French Guiana,$96.47,sandwiches
Rylee,molestie@maurissapien.co.uk,(0116) 372 3669,"9052 Eleifend, Street",Coquimbo,Romania,$13.81,sandwiches
Baxter,Fusce@utdolor.edu,07988 130344,"8170 Lorem, St.",Gulfport,Greenland,$40.54,pies
Lynn,Cras.lorem.lorem@utpharetra.org,0800 352102,764-6983 Sem Ave,Murray Bridge,Iceland,$67.00,salads
Erin,auctor.odio.a@quamelementum.edu,07624 267400,Ap #324-4624 Sit Ave,Socchieve,Bouvet Island,$88.92,salads
Aline,rutrum@senectusetnetus.edu,(01191) 088431,978-7049 Sit Rd.,Negrete,Macao,$7.37,pasta
Buffy,augue.scelerisque.mollis@montes.com,(0131) 899 1009,404-1172 A Ave,Tofield,French Polynesia,$29.47,seafood
Leigh,mollis.vitae.posuere@necmollis.org,(010895) 16540,Ap #997-5758 Arcu. St.,Bareilly,Puerto Rico,$64.45,cereals
Emily,lorem@inconsequat.ca,(0110) 357 3849,Ap #679-1588 Et Avenue,Chepén,"Korea, South",$51.07,pies
Teegan,Aliquam.nec.enim@eu.co.uk,076 8010 2503,3864 Imperdiet Rd.,Heusden-Zolder,Bhutan,$87.68,seafood
Jeremy,et@posuere.org,(016977) 9532,448-4002 Ultricies Av.,Zaragoza,Turkey,$12.86,seafood
Bradley,pede.blandit@egestas.ca,0845 46 40,2410 Libero Rd.,Port Alice,Tonga,$87.96,pasta
Jena,sapien.Cras@odio.org,(013232) 32611,"P.O. Box 500, 2634 At St.",Bad Nauheim,Egypt,$23.14,cereals
Peter,Donec.feugiat@egestaslaciniaSed.co.uk,(01330) 22695,"P.O. Box 597, 676 Risus. Road",Malambo,Honduras,$15.57,desserts