Name,Email,Phone,Address,City,Country,Amount,Product
Odysseus,a@egetvenenatisa.net,07624 984027,644 Velit St.,Akron,Viet Nam,$61.94,desserts
Kim,molestie.Sed@quis.ca,055 4028 4081,196-284 Sapien. Rd.,Haridwar,Hong Kong,$86.05,pies
Aurelia,tincidunt.nibh.Phasellus@erateget.org,07624 462410,5214 Dictum Rd.,Iquitos,Kyrgyzstan,$99.87,soups
Kevin,at.pretium@diamdictumsapien.co.uk,0800 1111,226-3173 Consectetuer Av.,Rupelmonde,Fiji,$27.99,pasta
Cairo,lectus.rutrum.urna@lorem.net,(0171) 562 3803,370-1215 Erat. Avenue,Waterbury,Gambia,$74.13,cereals
Gay,libero@tortorNunc.com,(0111) 743 0153,"102-6302 Tempor, St.",Chatillon,United Arab Emirates,$78.57,pies
Morgan,ornare@nisiaodio.net,(01818) 60655,"P.O. Box 404, 130 Dolor. Road",Cavaso del Tomba,Maldives,$43.58,pasta
Matthew,non.leo.Vivamus@Duiselementum.edu,(0171) 713 5835,Ap #547-8884 Nonummy. Avenue,Busan,Pakistan,$1.67,cereals
Julie,cursus.Nunc@ut.org,(01957) 573371,"P.O. Box 879, 4588 Placerat Street",Grande Prairie,Namibia,$47.61,desserts
Renee,et.magnis.dis@sagittissemper.org,0373 087 9582,442-365 Vulputate Rd.,Podolsk,Iraq,$92.10,pies
Garrison,purus.mauris.a@diamSed.net,07624 420905,Ap #323-3603 Maecenas Ave,San Pablo,Cayman Islands,$4.31,noodles
Demetria,ornare.egestas.ligula@IntegerurnaVivamus.ca,0800 1111,"P.O. Box 565, 1463 Lacus. Street",Chandannagar,Canada,$56.50,seafood
Nevada,sit@ametdiam.edu,0845 46 42,"P.O. Box 647, 3745 Donec Road",Oviedo,Ecuador,$47.39,noodles
Kaitlin,pellentesque@egetodioAliquam.ca,076 4316 1269,"P.O. Box 952, 3663 Sem Rd.",Neuville-en-Condroz,Comoros,$4.69,salads
Jason,mi.fringilla.mi@facilisisloremtristique.ca,(0101) 088 1364,Ap #539-9357 Mus. Rd.,Anand,Micronesia,$8.43,stews
Guy,sem.Nulla@Donecfelisorci.ca,056 2320 8191,Ap #166-3785 Primis St.,Levin,Libya,$25.98,noodles
Olympia,ac@eu.com,055 0789 1221,Ap #646-6710 Natoque St.,Haripur,Belize,$71.72,pies
Gary,ante.iaculis@duisemperet.org,0800 1111,786-4491 Lobortis Street,Uikhoven,Finland,$9.89,pies
Tana,aliquet@egetmagna.co.uk,(027) 5835 7274,"P.O. Box 912, 4423 Nunc Ave",Alto del Carmen,Uzbekistan,$29.81,noodles
Chadwick,volutpat@ametorciUt.edu,(016977) 3475,"P.O. Box 322, 3258 Nec Road",Poederlee,Azerbaijan,$19.24,salads
Benjamin,dolor.dolor@pharetrautpharetra.org,0867 085 7465,"P.O. Box 478, 3555 Semper St.",Dunstable,Sierra Leone,$11.57,seafood
Stephen,amet.luctus@Fuscemilorem.net,0835 463 2642,Ap #741-2791 Orci Av.,Werder,Comoros,$41.28,cereals
Barry,id@ProinmiAliquam.net,070 2011 5808,3662 Ultricies Av.,Portree,Guam,$68.33,noodles
Drew,sit.amet@sodalesat.co.uk,(01746) 73358,Ap #136-125 Enim. Rd.,Frigento,Norfolk Island,$73.79,pies
Jena,natoque.penatibus.et@semperrutrumFusce.org,(026) 9525 2260,556-3081 Etiam Rd.,Guadalajara,Svalbard and Jan Mayen Islands,$73.31,noodles
Elaine,mattis@tristiquepellentesque.org,0800 346626,Ap #755-9174 Phasellus Rd.,Sint-Agatha-Berchem,Antarctica,$5.06,pies
Nigel,vel.nisl@acmattis.edu,(024) 8217 8124,8988 Nec St.,Asan,Laos,$47.84,salads
Wyatt,egestas@pharetraQuisque.org,(0151) 005 9372,150-8410 Dolor Rd.,Barrhead,Svalbard and Jan Mayen Islands,$90.02,desserts
Fletcher,et.risus@Fusce.edu,(011642) 23733,"P.O. Box 664, 1599 Sit St.",Saint Louis,Puerto Rico,$92.37,cereals
Denise,eu@consectetuer.ca,0393 549 6471,"6145 Elit, Rd.",Belcarra,"Korea, North",$56.05,stews
Palmer,egestas.ligula@arcueuodio.net,0399 624 2589,3381 Dignissim. Av.,Harrisburg,Guatemala,$46.46,sandwiches
Bianca,hendrerit@orci.com,07624 075305,Ap #403-7166 Dis Av.,Maranguape,United Kingdom (Great Britain),$7.13,seafood
Ignacia,lacinia.Sed.congue@duiaugue.net,(016977) 7246,"P.O. Box 187, 169 Nunc Street",Deline,Tanzania,$73.08,sandwiches
Judith,ante.bibendum.ullamcorper@temporbibendumDonec.co.uk,055 4470 6884,2682 Nibh Av.,Poucet,Taiwan,$18.60,stews
Amena,commodo.auctor@augue.net,0800 963 7844,Ap #585-2707 Nec Avenue,Elen,Sint Maarten,$64.50,sandwiches
Nissim,Ut.tincidunt.orci@eget.ca,0813 408 0960,"8213 Pede, Avenue",Jamshoro,Norfolk Island,$67.45,pies
Keefe,nascetur@Nullaeuneque.com,07624 190819,Ap #280-9000 Iaculis Ave,Saint-Hilarion,Kiribati,$62.87,sandwiches
Nigel,eleifend.nec@egetmagnaSuspendisse.co.uk,(016977) 4237,Ap #908-6123 Et Av.,Moose Jaw,French Polynesia,$20.41,sandwiches
Faith,mi.lacinia.mattis@sagittisaugue.net,(01012) 66146,"P.O. Box 574, 3151 Est, Ave",Sangli,Eritrea,$77.88,pies
Nell,Mauris@Sedetlibero.com,076 1324 3679,Ap #915-2718 Lacus. St.,Hilo,Lithuania,$70.81,stews
Asher,enim@vitaeorciPhasellus.org,0853 090 9458,"P.O. Box 546, 7732 Eleifend St.",Malvern,Northern Mariana Islands,$64.17,cereals
Chaney,sagittis@ullamcorper.org,(01199) 72041,340-2695 Nulla Rd.,Velsk,Hong Kong,$65.55,sandwiches
Meghan,sit@Nunc.org,0945 226 4342,Ap #411-5191 Nam Avenue,RosiŽres,Micronesia,$61.97,stews
Barclay,et.magnis.dis@Curabiturut.com,0800 062 4710,"4170 Luctus, St.",San Lazzaro di Savena,Uganda,$97.15,soups
Adena,blandit.viverra.Donec@tempor.net,070 6963 0908,"P.O. Box 888, 5964 Semper Avenue",Pradamano,British Indian Ocean Territory,$90.83,soups
Alan,Nulla.tempor@nectempus.com,055 5985 4871,964-6158 Nullam Road,Ilbono,Somalia,$46.84,salads
Diana,pretium.et.rutrum@utquamvel.ca,0800 1111,884-7764 Mauris Av.,Birkenhead,Lesotho,$47.08,seafood
Hilda,primis.in.faucibus@ad.ca,(011001) 04329,8589 Habitant St.,Guarulhos,Ghana,$74.40,soups
Zephania,molestie.orci.tincidunt@perconubia.ca,07367 665369,610-5000 Pellentesque St.,Acireale,Senegal,$80.71,sandwiches
Ulysses,ornare.In@nasceturridiculusmus.co.uk,(016977) 7130,439-7285 Ligula. St.,Zona Bananera,Tuvalu,$93.23,pies
Berk,arcu@velnislQuisque.co.uk,(01158) 81401,4568 Convallis Rd.,Kenosha,Anguilla,$37.53,pies
Delilah,porttitor.scelerisque.neque@amet.org,0800 305018,767-5314 Cursus Ave,Acquasanta Terme,"Bonaire, Sint Eustatius and Saba",$23.76,cereals
Maxine,Cras.dolor.dolor@Nuncsed.edu,0800 1111,2252 Sed St.,Wabamun,Estonia,$24.43,noodles
Quinn,neque.venenatis@metusfacilisis.org,0889 681 1305,"P.O. Box 986, 7386 Aliquam St.",Jaipur,Sao Tome and Principe,$46.93,cereals
Yoshi,in.molestie.tortor@semPellentesqueut.co.uk,(0115) 288 5581,2959 In Rd.,Gunsan,Lesotho,$47.14,stews
Clayton,Phasellus.dapibus.quam@euismod.net,070 0667 0716,"P.O. Box 958, 327 Vulputate St.",Kent,Guadeloupe,$29.26,cereals
Elton,urna.nec.luctus@aptenttacitisociosqu.org,070 9748 6597,819-4123 Eget Ave,Ancona,Holy See (Vatican City State),$20.65,sandwiches
Lawrence,Aenean@adipiscing.co.uk,076 5946 4261,"P.O. Box 831, 503 Non Avenue",Colorno,Holy See (Vatican City State),$34.95,seafood
Xyla,ut@Proinegetodio.net,0500 794957,4476 In Ave,Witney,Ecuador,$21.31,soups
Jack,mauris.a.nunc@orciquislectus.co.uk,056 8901 8279,8972 Dignissim Rd.,Jamioulx,Suriname,$21.30,stews
Noah,sagittis.semper@ultrices.com,070 5324 1278,484-2590 Erat Rd.,Camrose,Dominica,$41.46,pasta
Wing,faucibus.Morbi.vehicula@turpis.co.uk,(010317) 42391,"P.O. Box 811, 8833 Ut Rd.",Borghetto di Vara,Moldova,$47.62,sandwiches
Linus,pellentesque.a.facilisis@vel.org,(016977) 9037,515-4541 Pede. St.,Mühlheim am Main,Christmas Island,$87.95,cereals
Nissim,eu@tincidunttempus.ca,0800 953 2282,4023 Consectetuer Street,Ilbono,Denmark,$88.58,stews
Quinn,bibendum.ullamcorper.Duis@Fusce.ca,(0113) 502 4104,"226-7714 Orci, St.",Weelde,"Virgin Islands, British",$16.35,pies
Chase,tincidunt.vehicula.risus@vitae.edu,(01952) 402768,"P.O. Box 189, 6863 Amet, St.",Oss,Guernsey,$98.03,desserts
Calvin,aliquet.magna@amagnaLorem.com,(0115) 942 4627,Ap #995-3566 Neque. Street,Columbus,Slovenia,$23.10,cereals
Mechelle,pede.malesuada@luctus.co.uk,(028) 1598 2257,"P.O. Box 188, 8457 Molestie St.",Montereale,Hong Kong,$81.70,pies
Adam,nisl@dolorQuisque.edu,0800 123 2091,Ap #329-9210 Mauris. St.,Málaga,Djibouti,$87.87,pasta
Josiah,Aliquam@ligulaconsectetuerrhoncus.edu,0800 1111,965-6031 Eleifend Av.,Banjar,Zambia,$49.63,soups
Noel,dignissim.lacus@ligulaAeneangravida.net,(014755) 99637,109-5105 Libero Rd.,Clearwater Municipal District,"Saint Helena, Ascension and Tristan da Cunha",$46.25,desserts
Octavia,bibendum@aliquam.edu,(0119) 461 5689,"P.O. Box 713, 8897 Semper St.",Tampa,South Georgia and The South Sandwich Islands,$39.06,desserts
Aspen,mollis.Duis.sit@nulla.co.uk,(011210) 05576,295-9028 Egestas Av.,Nizip,Germany,$37.79,noodles
Hillary,dis.parturient.montes@sagittissemperNam.org,056 0427 1770,Ap #279-6563 Nulla Avenue,New Westminster,Reunion,$88.93,pasta
Melanie,nec.urna@volutpat.org,0947 308 6686,"P.O. Box 605, 1956 Cras St.",Mezzana,Iraq,$73.29,stews
Evelyn,ac.mattis@posuere.ca,0906 909 5894,"693-4233 Eu, St.",Korbach,Aruba,$5.02,pies
Christian,auctor@congue.net,(01381) 084179,"P.O. Box 802, 6280 Arcu. Rd.",Te Puke,Italy,$25.19,seafood
Simone,pede.Suspendisse.dui@utnullaCras.edu,055 2432 6973,"P.O. Box 935, 5871 Nulla Ave",Rulles,Colombia,$70.25,cereals
Castor,ante@adipiscing.co.uk,07624 814962,"P.O. Box 261, 2263 Tempor Road",Trubchevsk,Portugal,$80.40,pies
Mufutau,auctor@euerat.co.uk,(01332) 165861,"P.O. Box 726, 8894 Mauris Ave",Sant'Agata Bolognese,Palau,$71.32,noodles
Kamal,dis.parturient@Aeneangravidanunc.ca,(01175) 31347,5877 Aliquam St.,Kimberly,Uzbekistan,$21.52,sandwiches
Rosalyn,metus@sem.co.uk,0841 083 1000,8017 Erat Street,Hualpén,Norfolk Island,$45.71,stews
Danielle,mus@volutpatnuncsit.com,0845 46 43,508-5550 Tempus Road,Haren,Benin,$1.13,cereals
Kiona,Curabitur.dictum@pharetra.net,07196 536809,2572 Suspendisse Av.,Penrith,Paraguay,$52.54,stews
Suki,convallis.est.vitae@vitaeodio.org,(0101) 710 3474,315-994 Duis St.,Noragugume,Maldives,$97.82,pies
Axel,Sed.et.libero@Aeneaneuismod.co.uk,(016977) 2762,"178-7623 Semper, Rd.",Güssing,Nicaragua,$47.30,pies
Hoyt,ultricies.ligula.Nullam@Pellentesquetincidunttempus.edu,(0161) 697 5645,Ap #289-7353 Nunc Av.,Blankenberge,Uruguay,$36.23,stews
Judah,eu.neque.pellentesque@ipsumsodalespurus.ca,0869 335 8260,"P.O. Box 912, 2147 Et, Rd.",Ciplet,Canada,$66.84,noodles
Maia,augue@dolorDonec.co.uk,(01314) 02225,"P.O. Box 437, 9464 Dis Ave",Vladimir,Oman,$89.94,desserts
Kadeem,feugiat.Lorem@magnaNam.org,0823 832 7907,Ap #257-2039 Eu Rd.,Khammam,Greece,$56.76,stews
Whilemina,lectus.sit@est.org,0845 46 45,Ap #119-334 Sit St.,Montignies-Saint-Christophe,New Caledonia,$40.55,sandwiches
Davis,a.purus.Duis@Vivamusmolestiedapibus.com,076 6357 2303,418-5923 Etiam Av.,Olmué,Australia,$74.24,pasta
April,Cum.sociis@NullafacilisisSuspendisse.net,0845 46 40,1556 Quisque Rd.,Lampertheim,Slovakia,$5.37,noodles
Jaime,vel.sapien.imperdiet@idenimCurabitur.net,(01881) 40196,2411 Non St.,Monstreux,New Caledonia,$50.71,pies
Lani,non.arcu@Nunc.com,0800 1111,"8307 Luctus, Street",Waalwijk,Kiribati,$82.41,pies
Tucker,at.lacus.Quisque@adipiscing.com,0800 140 0292,"P.O. Box 438, 7007 Libero. Rd.",Hofstade,Switzerland,$67.50,stews
Avram,eu@Quisquevarius.net,0800 948 2210,7631 Ultrices Rd.,Rekem,Guinea,$42.65,desserts
Rachel,torquent.per.conubia@Nunc.com,(022) 0443 2731,174-4340 Arcu Ave,Ch‰tillon,Antigua and Barbuda,$61.78,sandwiches
Yael,erat.Vivamus.nisi@Seddiam.edu,(01985) 464628,Ap #482-5452 Fringilla Street,Staßfurt,Antarctica,$76.73,stews
Quinn,nunc.ac.mattis@sapienimperdietornare.net,(016547) 49545,"6127 Et, Avenue",Guilmi,Svalbard and Jan Mayen Islands,$99.10,sandwiches