Name,Email,Phone,Address,City,Country,Amount,Product
Howard,et.lacinia.vitae@sedliberoProin.co.uk,0818 225 9583,112-5730 Tellus Av.,Trubchevsk,American Samoa,$36.04,cereals
Irma,ante.bibendum.ullamcorper@mauris.com,07965 192204,"P.O. Box 522, 1925 Sollicitudin Avenue",Folx-les-Caves,Guinea-Bissau,$71.81,salads
Josiah,Praesent@eu.org,(01114) 960803,"P.O. Box 439, 6570 Bibendum. Road",Penzance,Côte D'Ivoire (Ivory Coast),$85.21,soups
Burke,mi.Duis@sagittissemper.com,0328 031 5799,"8930 Eget, St.",Gierle,Åland Islands,$55.43,stews
Brett,amet.lorem.semper@lorem.co.uk,056 3688 2780,1255 Nibh Rd.,Airdrie,Suriname,$25.26,pasta
Elaine,tincidunt.neque.vitae@elitNullafacilisi.net,076 5013 8856,9685 Dictum Street,Yopal,Monaco,$58.69,pasta
Jessamine,tristique.ac@liberoMorbi.co.uk,0800 1111,Ap #107-381 Sit Av.,Ramenskoye,Malta,$86.46,stews
Macey,sed.dolor@Aeneaneget.ca,07628 806462,"P.O. Box 536, 5483 Non Ave",Dendermonde,Yemen,$37.61,cereals
Xandra,facilisis.lorem.tristique@cursusIntegermollis.co.uk,0845 176 6450,"P.O. Box 387, 7829 Id St.",Korolyov,Nauru,$8.01,salads
Maile,imperdiet.nec@Integer.com,0879 248 4800,"P.O. Box 310, 2233 Et Av.",New Maryland,South Georgia and The South Sandwich Islands,$53.63,pasta
Barclay,vitae.posuere.at@Quisque.co.uk,056 8991 3212,8818 Suspendisse Road,Pretoro,Canada,$29.92,soups
Christen,tempor.est@Nullam.ca,(022) 1321 5972,Ap #149-6264 Diam. Av.,San Giorgio Albanese,Saint Vincent and The Grenadines,$75.84,stews
Ava,dictum@augueeutempor.ca,0845 46 49,8494 Integer St.,Huaral,Spain,$50.39,soups
Rooney,mauris@magnaNam.ca,0800 042 2568,Ap #982-7629 Dolor. Road,Mannheim,Austria,$88.18,desserts
Aaron,tincidunt@auctorMauris.ca,056 0649 2509,"2540 Purus, St.",Zwevegem,Zimbabwe,$75.73,pasta
Madeline,Nam.consequat.dolor@Inscelerisque.com,055 1945 6017,"Ap #702-7578 Lorem, Av.",Vigo,Niger,$15.42,pies
Constance,et.nunc@ac.ca,(0151) 437 5649,"P.O. Box 821, 9392 Purus Road",Chalon-sur-Saône,Saint Lucia,$53.15,salads
Deacon,dapibus@eutellusPhasellus.net,0845 46 43,"5654 Lorem, Avenue",Floridablanca,Cocos (Keeling) Islands,$3.46,cereals
Germaine,sit.amet@auctorMauris.net,(012129) 08069,2031 Penatibus Ave,Villingen-Schwenningen,Lesotho,$35.22,stews
Dominic,dolor@mauriserat.edu,0845 46 44,"P.O. Box 110, 3755 Commodo Road",Scandriglia,Cook Islands,$42.97,sandwiches
Kylie,a.nunc@ligula.org,07624 649962,"6607 Eu, Ave",Poggiorsini,Bangladesh,$21.27,stews
Oprah,dictum.sapien.Aenean@Morbi.net,0845 46 41,Ap #188-243 Posuere St.,Vinci,Svalbard and Jan Mayen Islands,$14.13,cereals
Scarlett,vehicula.et.rutrum@sitametdiam.com,(01105) 65258,"P.O. Box 745, 1398 Ut Road",Canmore,Greece,$77.02,desserts
Shelley,Aenean@mollisDuis.net,(015323) 51678,Ap #147-4982 Nibh St.,Evesham,Mexico,$91.05,stews
Sopoline,erat.eget@arcu.org,0800 114545,471-3305 Aliquam St.,Cressa,Nigeria,$97.38,soups
Tyler,risus.In@placerat.ca,(01241) 56352,"P.O. Box 233, 9831 Cubilia Av.",Evansville,Tajikistan,$91.42,noodles
Brian,ac.turpis@sempercursus.org,070 7748 7415,Ap #416-7794 Aliquam Avenue,Kakisa,Solomon Islands,$53.40,pasta
Lester,magna.Lorem.ipsum@non.org,055 2255 2081,9211 Litora Av.,Bonnyville Municipal District,Finland,$22.51,pies
Cruz,at.auctor@semper.org,0500 475396,3018 Proin Street,Meeuwen-Gruitrode,Angola,$76.69,pies
Calista,eget.volutpat.ornare@idmagnaet.org,0845 46 45,Ap #291-6199 Proin Road,Carstairs,Honduras,$79.17,seafood
Clinton,interdum.enim@lorem.co.uk,070 2861 9253,"P.O. Box 660, 7798 Amet St.",Lac-Serent,Senegal,$31.22,desserts
Ocean,ut.nisi.a@vitae.ca,056 7279 2547,214-7844 Nisl. Road,Dieppe,Macao,$32.96,pies
Judith,Cum@faucibusMorbivehicula.com,07130 693250,3701 Mauris Av.,Caucaia,Equatorial Guinea,$24.12,pies
Willa,dui.nec.tempus@ametconsectetueradipiscing.edu,(01801) 549980,2146 Eleifend Rd.,New Orleans,Russian Federation,$71.32,stews
Adara,Etiam.laoreet.libero@adipiscinglobortisrisus.net,0801 771 1346,"P.O. Box 926, 6862 Augue St.",Compiano,Somalia,$43.77,cereals
Clarke,molestie@atlibero.org,(016977) 7443,3929 Quisque Ave,Trois-Rivi�res,Myanmar,$4.76,sandwiches
Elizabeth,senectus.et.netus@nisiAeneaneget.ca,076 3777 7173,735-5496 Mollis Rd.,Grave,Israel,$6.93,cereals
Emi,Nullam.lobortis@ultrices.edu,07681 237205,Ap #914-2071 Non Rd.,Mansehra,San Marino,$30.04,stews
Rhiannon,Fusce@posuereenimnisl.com,0375 545 6613,Ap #588-4788 Aenean Street,Midlands,Angola,$8.55,stews
Lani,non@antelectusconvallis.edu,0958 152 8116,155-5032 Libero Av.,Senneville,Holy See (Vatican City State),$3.68,pasta
Giselle,nisi.Aenean@vulputatevelit.ca,(017234) 64633,3431 Faucibus Rd.,Hoogstraten,Saint Martin,$29.27,soups
Quintessa,pharetra.ut@mi.ca,0325 381 0540,8426 Sed Street,Rosolini,Morocco,$44.67,cereals
Dolan,mauris.elit@egetipsumSuspendisse.org,076 1713 7391,530-3278 Eu Road,Pradamano,Saint Lucia,$62.67,desserts
Ferris,Maecenas.iaculis@libero.net,(015803) 63183,"P.O. Box 826, 4830 Quis Rd.",Tulsa,South Sudan,$97.72,salads
Jada,Fusce@semmagnanec.co.uk,0324 920 1311,5387 Dictum Rd.,Saint-Malo,Zambia,$17.00,stews
Mona,eros.non@Sedmalesuadaaugue.org,0308 081 9150,"P.O. Box 149, 6851 Vestibulum, St.",Wyoming,Qatar,$2.19,seafood
Burton,egestas.urna@feugiatSed.org,0845 46 44,Ap #141-361 Ut Avenue,Corte Brugnatella,Serbia,$29.38,salads
Ivana,lobortis.mauris.Suspendisse@atiaculis.com,(01755) 639880,"P.O. Box 439, 4439 Cursus St.",Buckley,Libya,$2.87,pies
Meghan,non.enim.commodo@molestie.org,(01610) 43408,878-3144 Ut St.,North Bay,Aruba,$47.69,desserts
Anthony,eleifend.vitae@erosturpis.com,0950 931 1820,"P.O. Box 313, 8832 Quisque St.",Koersel,Macedonia,$76.47,stews
Adara,id@maurisidsapien.net,056 3311 9611,1342 Eros. Street,Olcenengo,Madagascar,$1.27,pasta
Brenden,dolor.Fusce.feugiat@anteMaecenasmi.net,(016977) 6197,4890 Molestie Road,Vergnies,Finland,$95.31,cereals
Shaine,neque.et@nuncrisusvarius.edu,(016977) 9884,"P.O. Box 143, 4155 Sed Avenue",Saint-Laurent,Trinidad and Tobago,$76.73,pasta
Mallory,massa.rutrum.magna@arcuVestibulum.org,(0111) 674 4907,2375 Iaculis St.,Callander,Pitcairn Islands,$45.77,desserts
Abdul,ligula@Sedegetlacus.edu,0800 811 6866,6155 Phasellus Road,Wha Ti,Tanzania,$32.01,salads
Caleb,mauris.Suspendisse.aliquet@eunullaat.org,0800 1111,929-4783 Magna Rd.,Marilles,Guyana,$47.75,noodles
Philip,enim@purusac.co.uk,(01514) 257985,Ap #103-5383 A St.,Puerto Guzmán,Uganda,$91.05,salads
Mohammad,Quisque.ornare@tinciduntpede.com,056 6185 1748,249-8192 Tempor Road,Savannah,Somalia,$11.52,soups
Adria,nibh.enim@Fusce.com,07559 609144,Ap #219-7495 Sem Rd.,Treglio,Vanuatu,$74.48,salads
Madonna,quis.pede@odioPhasellus.ca,070 5961 1517,134 Sollicitudin Road,Shikarpur,Bahrain,$26.09,pies
Kasimir,metus.facilisis@miAliquamgravida.org,0800 1111,920-9480 Rutrum St.,Hampstead,Brazil,$94.32,pasta
Echo,faucibus@Mauriseuturpis.ca,0800 1111,Ap #700-3099 Sociis Street,Saint-Hilarion,Åland Islands,$44.75,noodles
Lewis,non.lacinia.at@imperdietdictummagna.co.uk,0800 1111,"Ap #971-3925 Eget, Rd.",Gbongan,Iceland,$80.52,cereals
Ignatius,placerat@laoreetlectusquis.edu,0988 220 3660,Ap #979-2938 Aliquam St.,Viggiano,New Zealand,$31.29,desserts
Yetta,malesuada@urnaVivamus.org,07624 321513,Ap #398-6447 Malesuada. Ave,Jacksonville,Malta,$5.20,noodles
Nasim,vitae.aliquam.eros@Donecporttitortellus.edu,0800 797088,572-2417 Ipsum Avenue,Montese,Bouvet Island,$54.57,noodles
Virginia,Nullam.feugiat.placerat@adipiscingMauris.co.uk,07624 192831,"P.O. Box 926, 5544 Aliquet Av.",Minitonas,Jordan,$6.41,desserts
Cody,aliquet.molestie@duiFusce.com,0800 714 0963,1949 Aliquam St.,Stralsund,Sudan,$70.61,stews
Deacon,Sed.molestie@Proinultrices.co.uk,0800 999769,"P.O. Box 227, 1051 Proin Street",Gianico,Chad,$43.09,pies
Gray,volutpat.Nulla@auguescelerisque.co.uk,(016977) 8908,Ap #477-4460 Parturient Street,Compiègne,Malta,$40.40,salads
Kay,lacus@utnisia.co.uk,0500 648812,881-2812 Purus Rd.,Borås,Martinique,$5.05,noodles
Chancellor,urna.Vivamus@ipsum.org,055 3162 9675,129-2408 Erat St.,Yuryuzan,Comoros,$38.82,sandwiches
Rhona,aliquam@purusDuiselementum.ca,(0181) 175 6252,Ap #868-2648 Augue Road,Rio Grande,Slovakia,$62.61,desserts
Dean,ridiculus.mus@Nuncullamcorpervelit.com,0500 768342,484-9899 Donec Av.,Corvino San Quirico,Andorra,$64.91,stews
Jade,augue.eu.tellus@risusodioauctor.net,07624 070276,"Ap #273-7789 Elit, Rd.",Biggleswade,Malawi,$44.12,salads
Ryan,cursus@orci.co.uk,(01138) 40264,"P.O. Box 723, 193 Est. Road",Tramutola,China,$3.38,seafood
Melanie,dictum.cursus@eu.com,056 3735 1532,702-9167 Sagittis. Avenue,Siegendorf,Moldova,$74.99,soups
Nigel,mollis.Duis.sit@risusaultricies.ca,0328 807 7011,"P.O. Box 732, 2648 Interdum Av.",Fumal,Belize,$58.76,salads
Troy,magna@tempor.co.uk,(01346) 397343,908-4868 Nunc Avenue,Hugli-Chinsurah,Serbia,$95.82,seafood
Dieter,ac@Duisvolutpatnunc.org,0800 1111,751-2892 Cursus Av.,Castelvecchio di Rocca Barbena,Gabon,$47.76,stews
Abraham,gravida.mauris@utmolestie.ca,(028) 1102 0977,920-6218 Ut Street,Wah,Saudi Arabia,$76.45,stews
Erica,volutpat.Nulla.facilisis@ac.net,(029) 5124 0723,340-3368 Venenatis Road,Casole d'Elsa,Mozambique,$16.30,salads
Shannon,diam.dictum.sapien@vestibulumMauris.com,(028) 5453 4769,4529 Sit Av.,Khanpur,French Southern Territories,$20.27,cereals
Ursula,Duis@In.edu,0500 106932,Ap #945-9084 Orci Ave,Kasteelbrakel,Pitcairn Islands,$59.13,soups
Karina,consectetuer.adipiscing.elit@mauriserat.net,070 5709 1324,"P.O. Box 790, 4283 Pede, Street",Massimino,Uzbekistan,$57.68,cereals
Dakota,ac.urna.Ut@maurisut.ca,055 9590 4378,3260 Dignissim. Ave,Huasco,Bolivia,$83.82,pasta
Elizabeth,et.netus@gravidamaurisut.org,076 3654 7584,482-6077 Fringilla St.,Cawdor,Côte D'Ivoire (Ivory Coast),$23.14,cereals
Melanie,egestas@risusQuisquelibero.ca,0800 033855,6880 Mauris Ave,Burhaniye,Falkland Islands,$11.81,stews
Elton,orci@quisdiamluctus.com,(016977) 8217,Ap #753-9561 Sit St.,Bonavista,Timor-Leste,$82.37,salads
Hiram,elit.pharetra.ut@ut.ca,0959 640 2454,119-9769 Sed Rd.,Froidchapelle,Morocco,$15.15,noodles
Tatum,sed.consequat.auctor@pedemalesuadavel.org,(01717) 648810,"677 Quam, Rd.",Champlain,Turkmenistan,$49.60,pies
Evan,blandit.Nam.nulla@euultricessit.com,055 0162 4626,Ap #776-8906 Elementum St.,Lleida,Hungary,$0.70,noodles
Macon,risus.Nunc@consectetueradipiscingelit.ca,07729 698090,955-3200 Faucibus Av.,White Rock,Tanzania,$65.00,salads
Quincy,Curabitur.consequat@sit.com,0971 312 7752,441-8547 Nisi. Rd.,Sint-Pieters-Woluwe,Lesotho,$65.74,sandwiches
Axel,sociosqu.ad.litora@tinciduntpedeac.ca,0303 716 5188,7316 Scelerisque Avenue,Buggenhout,Côte D'Ivoire (Ivory Coast),$81.58,sandwiches
Brian,sagittis.augue@dolorFuscemi.org,0800 714 7154,Ap #299-6111 Magna Street,West Jakarta,Norfolk Island,$68.60,salads
Donna,commodo@blanditcongue.net,0845 46 45,866-1536 Consequat Ave,Savannah,Honduras,$15.15,desserts
Owen,rutrum@Phasellusin.edu,0845 46 45,"P.O. Box 903, 9899 Curabitur Rd.",Parkland County,Moldova,$87.66,salads
Solomon,sociosqu.ad@risus.edu,07624 509038,Ap #687-4835 Accumsan St.,Châteauroux,Morocco,$7.19,soups
Dustin,urna@volutpatNulla.org,0938 247 3244,Ap #165-1948 Natoque Rd.,Lamorteau,Somalia,$63.92,stews