Name,Email,Phone,Address,City,Country,Amount,Product
Clark,ac@ullamcorpermagna.com,056 4359 4961,2004 Mi Avenue,Gjoa Haven,"Korea, North",$63.86,salads
Carly,arcu.Sed.eu@aliquetdiamSed.edu,055 1404 3420,4489 Ut Rd.,Ostra Vetere,Comoros,$16.45,desserts
Craig,Nunc.laoreet.lectus@tellusfaucibusleo.net,(010714) 75033,Ap #358-8901 Ac Ave,Nakusp,Argentina,$12.20,salads
Caryn,eleifend.egestas.Sed@non.net,0500 234884,Ap #263-2320 Netus Avenue,Draguignan,American Samoa,$75.39,salads
Fuller,dictum.magna.Ut@aliquam.com,(0141) 705 4029,1415 Mollis. Street,Annapolis Royal,Namibia,$10.08,soups
Fiona,Integer.mollis.Integer@estNuncullamcorper.net,0845 46 42,Ap #673-538 In Street,Neeroeteren,Colombia,$38.58,noodles
Brock,augue@velitQuisquevarius.edu,07680 656914,"P.O. Box 609, 8845 Dis Street",Tocopilla,South Sudan,$11.63,cereals
Hedwig,sed.dui@Pellentesque.com,(016977) 8018,"P.O. Box 469, 4904 Consequat Rd.",Burntisland,Mali,$93.03,noodles
Odette,diam.Pellentesque.habitant@eleifendnon.com,056 1808 8825,Ap #919-9839 Convallis Rd.,Oaxaca,Samoa,$61.62,cereals
Kibo,pede@diam.edu,055 8184 1027,847-1777 Neque Rd.,Dornoch,Honduras,$37.01,pies
Amela,luctus.et.ultrices@rhoncusProin.net,(0115) 803 9204,"P.O. Box 906, 9405 Mi Rd.",Pickering,"Bonaire, Sint Eustatius and Saba",$60.49,soups
Kylynn,enim.condimentum@dolorFusce.org,0328 796 1295,6034 Vitae Av.,Vernon,American Samoa,$61.31,sandwiches
Cheyenne,Phasellus@ultrices.com,(0118) 665 2769,"P.O. Box 895, 4405 Mi, St.",Norfolk County,Sao Tome and Principe,$47.42,soups
Mason,neque.In.ornare@felisNulla.net,(01544) 037430,"P.O. Box 520, 385 Lacus. St.",Palestrina,Costa Rica,$87.22,salads
Harlan,eget.massa.Suspendisse@quispede.co.uk,055 7948 6073,5862 Metus Rd.,Birmingham,Kenya,$50.27,seafood
Aquila,eu@consectetuerrhoncusNullam.org,(016977) 7955,"610-7394 Scelerisque, Ave",Nalinnes,Turkey,$2.85,pies
Lila,habitant.morbi.tristique@lobortis.ca,(01143) 59562,Ap #660-5319 Purus. Av.,Sint-Pieters-Woluwe,Seychelles,$72.21,noodles
Tanya,Pellentesque.habitant@imperdietdictummagna.org,07613 816173,Ap #734-6633 Maecenas Ave,East Gwillimbury,Timor-Leste,$53.11,noodles
Ariel,lacinia.mattis.Integer@Suspendisseacmetus.edu,070 9337 9159,4982 Bibendum Av.,Altach,Jordan,$90.94,pasta
Hilel,semper.rutrum@porttitorinterdum.co.uk,(0112) 014 1428,779-464 Donec St.,Paupisi,Côte D'Ivoire (Ivory Coast),$16.47,salads
Suki,scelerisque.dui@Donecvitaeerat.org,0361 234 6751,"P.O. Box 216, 2058 Aenean Rd.",Palmiano,Luxembourg,$95.58,sandwiches
Dakota,Aenean@egestaslaciniaSed.org,(01108) 21250,738-3352 Sapien St.,Airdrie,Switzerland,$7.07,soups
Ronan,enim@Phasellusdapibusquam.net,0500 117421,"P.O. Box 170, 9038 Sagittis Avenue",Felixstowe,South Sudan,$6.68,salads
Giacomo,amet@NuncmaurisMorbi.com,055 2523 5889,"P.O. Box 877, 3317 Massa. Street",Haddington,Uzbekistan,$62.55,pasta
Ingrid,vitae@egetvenenatisa.net,0845 46 42,160-7096 Non Avenue,Ciudad Santa Catarina,Djibouti,$74.47,sandwiches
Stone,mus@eusemPellentesque.ca,0845 46 43,"P.O. Box 372, 4057 Consequat Rd.",Wanzele,Namibia,$3.12,pasta
Basia,dui.in.sodales@leoVivamus.net,(01980) 03877,"P.O. Box 579, 9620 Velit St.",MabomprŽ,Micronesia,$52.18,sandwiches
Palmer,ridiculus@nonhendrerit.edu,0800 836 0874,Ap #400-6275 Ac Av.,Yumbel,Saint Kitts and Nevis,$32.18,cereals
Adara,lacus@nec.org,(01613) 924367,130-6992 Hendrerit. Rd.,Spinoso,United Arab Emirates,$6.77,pies
Rhiannon,nisi.a@nonsapien.co.uk,0800 826 9882,2160 Lectus. St.,Norfolk,Netherlands,$95.37,sandwiches
Leila,scelerisque.mollis.Phasellus@feugiat.ca,07483 544735,4223 Posuere Street,Zwettl-Niederösterreich,Taiwan,$0.58,seafood
Charles,massa.Quisque@odiotristique.ca,(016977) 5643,1779 Lobortis. Street,Columbia,Liechtenstein,$2.18,stews
Ciaran,Aliquam@ut.co.uk,(012727) 19967,"P.O. Box 375, 4520 Accumsan Avenue",Kilsyth,Mauritania,$0.15,cereals
Elizabeth,dolor.dapibus.gravida@turpisNulla.com,(0119) 570 1520,"P.O. Box 293, 3723 Turpis Road",Tirunelveli,Slovakia,$0.33,desserts
Guinevere,Mauris.vel@enim.ca,0800 980 3547,"377-3249 Id, Rd.",Panipat,Belize,$66.54,seafood
Kimberly,pellentesque.eget@semPellentesqueut.ca,(01229) 028905,385-4902 Cras Avenue,Tavier,Saint Kitts and Nevis,$53.34,pies
Forrest,eros@pharetranibh.co.uk,07624 741689,"P.O. Box 540, 5812 Massa St.",Wolfsberg,Niger,$87.55,seafood
Hamish,Aliquam@posuere.co.uk,0965 498 5228,Ap #454-5485 Risus. St.,Zwolle,Pakistan,$77.27,cereals
Kelly,Duis.dignissim.tempor@ac.edu,0845 46 45,195-5033 Est. St.,Sargodha,Guyana,$64.92,soups
James,ante.Vivamus@congueelit.edu,(01254) 435934,"209-7242 Elit, Rd.",Wimmertingen,South Georgia and The South Sandwich Islands,$60.45,noodles
Adrienne,massa@magnisdisparturient.co.uk,070 4633 4488,"P.O. Box 992, 2889 Ultricies Road",Rockford,Netherlands,$46.58,pies
Keiko,neque.et.nunc@Vestibulumaccumsanneque.ca,0945 591 2140,"Ap #841-5556 Non, St.",Saint Louis,Slovenia,$40.02,pies
Helen,egestas.Fusce@ategestasa.co.uk,(01866) 612763,Ap #344-8302 Vivamus Street,Grand Rapids,United States Minor Outlying Islands,$66.76,seafood
Amena,ipsum.cursus@nec.net,076 2626 1928,"7389 Quis, St.",Qu�bec City,American Samoa,$94.38,desserts
Fiona,Nam.ligula.elit@Pellentesquehabitantmorbi.com,0800 1111,Ap #232-3460 Augue St.,Puerto Colombia,Guinea-Bissau,$34.61,noodles
Tashya,Nunc@Curabitursedtortor.net,07624 373831,Ap #910-5063 Ut Ave,Camborne,Holy See (Vatican City State),$65.58,seafood
Adam,dictum.augue.malesuada@erateget.net,076 1247 2961,667-2974 Etiam Ave,Florencia,Côte D'Ivoire (Ivory Coast),$3.86,pasta
Venus,felis@molestiepharetra.edu,(016977) 9646,"P.O. Box 149, 756 Metus. St.",Kubinka,Thailand,$71.24,sandwiches
Neville,convallis.ante.lectus@viverra.ca,07624 304751,Ap #155-875 Dui. Ave,Longvilly,Norfolk Island,$64.66,pasta
Meredith,id@dolor.org,07624 067613,Ap #992-4176 Magna Avenue,Puente Alto,Burundi,$79.92,soups
Walter,auctor@dolorQuisque.edu,0800 016 8448,666 Sit Rd.,Karnal,Cambodia,$93.07,desserts
Patricia,auctor.ullamcorper.nisl@Donecelementum.net,0800 715169,"P.O. Box 945, 1707 Mauris Rd.",Brunn am Gebirge,Argentina,$60.83,noodles
Amy,diam.eu@elementumdui.edu,(01755) 972013,"P.O. Box 198, 3090 Neque. Avenue",Cali,Oman,$49.99,desserts
Kuame,neque.non.quam@orciluctus.com,07573 283712,4938 Nullam Rd.,Seoul,Burkina Faso,$42.71,desserts
Quinn,mattis.velit@vitae.net,(015683) 93137,2422 Diam Rd.,Salisbury,Palau,$52.79,cereals
Jeanette,Nunc.laoreet.lectus@aliquameuaccumsan.edu,07316 162067,Ap #343-4502 Est Av.,Rovereto,India,$84.02,noodles
Skyler,Fusce@placeratCrasdictum.com,(0161) 118 4264,3966 Dui Ave,Heerlen,Moldova,$34.17,noodles
Timon,Nunc@eget.net,0845 46 44,"P.O. Box 765, 6076 Ullamcorper Street",Rawalpindi,Armenia,$23.00,pies
Cyrus,iaculis.odio.Nam@etmagnisdis.net,(014421) 61906,273-6625 Libero Av.,Osnabrück,Kuwait,$35.39,pies
Selma,nunc@pedenonummy.edu,0500 060278,998-180 Est Avenue,Juazeiro,Algeria,$7.81,pasta
Nolan,Cras@eunulla.edu,(01499) 35722,106-4763 Velit. Av.,Burnaby,Saint Lucia,$97.24,cereals
Barrett,Morbi@luctusutpellentesque.org,(016977) 2812,"P.O. Box 475, 4443 Massa. Rd.",Lochranza,French Guiana,$6.51,soups
Mary,hendrerit.a@aliquetdiamSed.co.uk,(011266) 26541,"P.O. Box 707, 2168 A, Rd.",Benestare,Uganda,$76.51,seafood
Ursa,varius.Nam.porttitor@hendreritDonecporttitor.org,076 1166 3269,"P.O. Box 776, 7501 Purus Av.",Cairns,Estonia,$75.02,pasta
Kareem,Sed.molestie@sociisnatoque.org,0800 1111,"1017 Montes, Road",Hamme,Benin,$86.23,pies
Clementine,at.sem@risus.ca,0845 46 44,"P.O. Box 834, 777 Ultrices St.",Sungai Penuh,Israel,$53.75,noodles
Barrett,erat.Vivamus@natoquepenatibus.com,(0151) 633 1527,264 Auctor St.,Spaniard's Bay,Ethiopia,$97.89,pasta
MacKensie,In.lorem@egestasrhoncus.co.uk,(016977) 4202,120-1563 Quisque Av.,Aguachica,French Polynesia,$69.97,cereals
Joel,gravida@Integerin.net,(020) 0521 8876,Ap #909-1899 Odio Rd.,Angol,Dominica,$22.98,noodles
Addison,sed@Nuncmauris.net,0800 1111,4795 Blandit Road,Minneapolis,Mauritania,$58.18,pies
Clementine,nibh.dolor@aliquamarcuAliquam.co.uk,0331 941 5526,436-8185 Sit St.,Stene,Turkey,$86.65,sandwiches
Sophia,luctus.aliquet.odio@convalliserateget.com,055 7967 9648,"P.O. Box 226, 9962 Hendrerit Rd.",Waalwijk,Micronesia,$44.93,desserts
Macey,tellus.Aenean.egestas@magnaa.co.uk,(01863) 675078,479-1190 Cras Ave,Shawville,Faroe Islands,$28.66,pasta
Ava,Phasellus.libero@euismod.net,(01201) 615208,7102 Dictum Road,Waterbury,Lebanon,$69.41,desserts
Cameran,libero.mauris.aliquam@luctus.co.uk,0800 788 8936,Ap #157-7194 Dui. St.,Mont,Micronesia,$85.43,pies
Mallory,viverra.Maecenas@pedeultrices.com,0800 071632,"Ap #988-4249 Tellus, Street",Jemeppe-sur-Sambre,Botswana,$77.09,pasta
Molly,faucibus.lectus@velit.com,07044 921638,6485 Lobortis Rd.,Darwin,Iraq,$32.66,cereals
Robert,mus.Donec@sodalesMauris.edu,0393 812 3818,"P.O. Box 537, 9882 Integer Road",Plato,Slovenia,$52.13,salads
Chaim,posuere.enim.nisl@ipsum.edu,(0115) 896 6506,Ap #888-9102 Semper Rd.,Melrose,Falkland Islands,$76.34,salads
Burton,Nulla.interdum.Curabitur@non.com,(024) 2156 5404,1374 Nec Ave,Pereira,Marshall Islands,$23.66,cereals
Calvin,Donec.at.arcu@nequeseddictum.org,0828 818 6253,436-4726 Ut St.,Makurdi,French Polynesia,$58.91,seafood
Graham,magna.sed@vitae.edu,0915 572 6325,7772 Mauris Avenue,Lachine,French Polynesia,$18.40,soups
Lewis,iaculis@massa.co.uk,070 9364 2484,345 Mauris. St.,Belgrave,Côte D'Ivoire (Ivory Coast),$45.69,seafood
Kathleen,lobortis@ametconsectetueradipiscing.ca,0800 341 5448,"7815 Vel, Av.",Graneros,Angola,$77.15,seafood
Gavin,dui@tinciduntDonecvitae.com,(016977) 2711,Ap #923-4525 Eu Avenue,Valleyview,Bermuda,$94.59,salads
Summer,Aliquam.erat.volutpat@pedemalesuada.org,0800 088 0053,409-9663 Ultrices Road,Fourbechies,Tonga,$54.64,pies
Emerson,quis.massa@nequeNullamut.com,0800 502 7777,Ap #678-7550 Fusce St.,Oxford,Cayman Islands,$76.70,salads
Audrey,ligula@primis.edu,056 0526 5933,Ap #904-2816 Sagittis. Ave,Halanzy,Barbados,$31.38,cereals
Quamar,egestas.Aliquam.fringilla@lectus.ca,(015027) 24418,680-6045 Pretium St.,Colbún,Fiji,$43.53,salads
Dennis,neque.Nullam.nisl@Aeneaneuismod.co.uk,07671 770469,5979 Aliquam St.,Longvilly,Italy,$69.78,stews
Audra,dictum@Integer.org,0800 1111,220-4637 Odio. Av.,Arrah,Martinique,$85.07,sandwiches
Ayanna,ipsum.Phasellus.vitae@Sednec.edu,(016977) 2756,Ap #182-5469 Nunc Road,Carlisle,Iraq,$39.00,salads
Nolan,convallis.erat.eget@bibendumsed.ca,056 5974 3763,960-2460 Eleifend St.,Lafayette,Algeria,$33.81,sandwiches
Alec,magna.Phasellus@parturientmontesnascetur.co.uk,0328 862 7636,208 Erat Avenue,Dublin,Panama,$79.62,soups
Justina,posuere.vulputate@non.net,0500 298773,9691 Dictum Avenue,Albacete,South Georgia and The South Sandwich Islands,$75.70,seafood
Quintessa,mauris.elit@tincidunt.ca,055 2698 5042,407-3486 Dui. Rd.,Piscinas,French Polynesia,$57.90,cereals
Kaseem,interdum.libero.dui@Curabitur.ca,(016977) 9570,918-6272 Pede Av.,Livingston,United Arab Emirates,$35.17,noodles
Kirk,Nam@mollisPhasellus.ca,(0101) 981 4369,"412-6583 Et, Ave",Bard,Guinea,$56.33,soups
Quon,vulputate.risus@liberoettristique.edu,0800 454012,5128 Lobortis Rd.,Owensboro,Canada,$31.33,pasta
Alisa,tempor@Donectemporest.ca,055 6783 5324,207-8987 Pede. Rd.,Montbliart,Cocos (Keeling) Islands,$57.58,seafood